customer_id,transaction_date,amount,segment_label
C0109,2023-12-18,103.23,loyal
C0132,2024-02-24,205.81,loyal
C0136,2023-08-04,70.75,loyal
C0214,2023-10-04,56.47,at_risk
C0024,2024-01-21,348.36,champions
C0329,2024-03-21,99.02,new
C0036,2024-03-21,250.67,champions
C0001,2023-06-20,191.16,champions
C0017,2024-01-09,147.82,champions
C0156,2023-07-03,86.65,at_risk
C0038,2024-01-02,321.82,champions
C0047,2024-03-02,247.34,champions
C0039,2024-01-06,311.11,champions
C0140,2024-01-06,133.32,loyal
C0121,2023-10-10,141.51,loyal
C0132,2024-01-30,149.9,loyal
C0093,2024-02-05,167.12,loyal
C0128,2023-12-30,151.79,loyal
C0104,2023-12-26,186.45,loyal
C0107,2024-01-09,115.96,loyal
C0227,2023-12-06,32.56,at_risk
C0101,2024-02-09,211.02,loyal
C0171,2023-06-05,34.68,at_risk
C0077,2023-09-13,91.54,loyal
C0076,2023-07-23,163.81,loyal
C0186,2023-11-28,70.8,at_risk
C0019,2024-03-12,421.56,champions
C0038,2023-10-30,136.69,champions
C0031,2024-01-24,236.36,champions
C0037,2024-01-02,152.42,champions
C0120,2023-12-23,70.27,loyal
C0060,2024-03-06,219.99,champions
C0050,2023-11-04,213.82,champions
C0031,2024-03-27,156.75,champions
C0053,2023-08-28,279.41,champions
C0055,2024-03-16,426.31,champions
C0241,2023-08-15,25.04,lost
C0037,2023-09-03,193.6,champions
C0060,2023-10-09,490.93,champions
C0024,2024-02-20,438.12,champions
C0105,2024-02-17,105.22,loyal
C0265,2023-07-08,46.88,lost
C0025,2024-03-09,312.34,champions
C0229,2023-07-29,30.09,at_risk
C0111,2023-11-15,136.57,loyal
C0137,2023-11-15,133.64,loyal
C0097,2024-02-02,109.43,loyal
C0006,2023-12-25,292.54,champions
C0048,2023-08-10,176.91,champions
C0152,2023-10-10,100.1,at_risk
C0020,2024-01-16,299.35,champions
C0012,2023-07-09,338.18,champions
C0013,2024-02-27,385.42,champions
C0341,2024-03-19,102.95,new
C0104,2024-02-05,183.34,loyal
C0095,2023-08-20,119.67,loyal
C0102,2023-09-09,167.09,loyal
C0109,2023-07-07,231.09,loyal
C0104,2024-01-28,194.36,loyal
C0061,2024-03-08,116.86,loyal
C0078,2023-10-30,115.6,loyal
C0149,2024-01-07,51.76,at_risk
C0260,2023-09-24,17.87,lost
C0129,2023-10-07,159.39,loyal
C0129,2023-11-25,151.57,loyal
C0212,2023-12-23,79.46,at_risk
C0277,2023-03-20,26.83,lost
C0276,2023-04-19,46.45,lost
C0080,2024-02-01,225.09,loyal
C0317,2023-09-18,62.45,lost
C0006,2023-09-19,161.92,champions
C0004,2023-08-12,166.05,champions
C0106,2024-01-22,74.1,loyal
C0050,2024-03-14,465.29,champions
C0213,2023-08-01,57.75,at_risk
C0068,2023-09-12,161.53,loyal
C0144,2023-10-21,67.97,at_risk
C0116,2023-08-12,243.63,loyal
C0230,2023-12-16,58.65,at_risk
C0077,2024-02-26,226.21,loyal
C0293,2023-08-21,52.56,lost
C0040,2024-01-20,394.07,champions
C0054,2024-02-23,140.36,champions
C0157,2023-05-30,112.1,at_risk
C0133,2024-01-26,243.13,loyal
C0014,2024-01-06,251.64,champions
C0062,2024-01-26,244.09,loyal
C0139,2024-02-02,208.97,loyal
C0080,2024-02-01,146.39,loyal
C0231,2023-11-28,92.78,at_risk
C0096,2023-10-05,192.41,loyal
C0098,2024-02-19,84.84,loyal
C0176,2023-10-11,100.24,at_risk
C0225,2023-02-21,37.21,at_risk
C0085,2024-01-18,208.92,loyal
C0281,2023-03-21,74.2,lost
C0093,2024-01-19,148.15,loyal
C0010,2023-07-22,374.74,champions
C0174,2023-12-18,126.55,at_risk
C0016,2023-11-04,327.94,champions
C0019,2023-12-10,315.99,champions
C0118,2023-11-15,220.63,loyal
C0166,2024-01-29,35.18,at_risk
C0188,2023-08-08,111.23,at_risk
C0068,2023-12-06,209.92,loyal
C0255,2023-09-30,43.66,lost
C0243,2023-06-09,16.6,lost
C0004,2024-01-27,451.49,champions
C0261,2023-09-26,10.96,lost
C0042,2023-12-14,371.24,champions
C0121,2024-02-02,84.59,loyal
C0166,2024-01-17,136.9,at_risk
C0021,2024-01-05,434.99,champions
C0278,2023-04-29,24.47,lost
C0265,2023-10-29,50.81,lost
C0053,2024-02-23,381.51,champions
C0127,2024-03-02,247.85,loyal
C0028,2024-03-05,120.96,champions
C0041,2023-12-30,235.61,champions
C0191,2023-10-09,141.63,at_risk
C0071,2023-10-14,120.59,loyal
C0088,2024-02-08,205.01,loyal
C0268,2023-05-18,70.5,lost
C0081,2023-05-11,232.79,loyal
C0045,2023-09-17,324.66,champions
C0127,2023-08-24,136.05,loyal
C0016,2024-03-10,105.06,champions
C0141,2023-03-14,37.86,at_risk
C0131,2024-01-16,215.15,loyal
C0039,2023-08-06,317.63,champions
C0145,2024-01-26,131.79,at_risk
C0032,2024-03-02,274.49,champions
C0133,2024-02-20,196.19,loyal
C0008,2023-08-07,320.67,champions
C0093,2023-10-11,204.49,loyal
C0001,2024-01-21,179.54,champions
C0001,2023-06-13,127.82,champions
C0019,2023-11-28,221.64,champions
C0073,2023-07-05,119.55,loyal
C0080,2023-08-28,101.39,loyal
C0017,2024-03-08,279.27,champions
C0036,2024-03-17,245.04,champions
C0304,2023-10-12,59.51,lost
C0082,2023-10-04,203.49,loyal
C0054,2023-11-26,269.65,champions
C0390,2023-10-05,100.59,new
C0238,2023-10-24,50.02,at_risk
C0148,2023-12-05,66.56,at_risk
C0057,2024-02-10,398.75,champions
C0345,2023-12-23,34.33,new
C0025,2023-12-18,288.59,champions
C0211,2023-08-12,126.56,at_risk
C0298,2023-05-01,30.61,lost
C0226,2023-04-11,124.63,at_risk
C0045,2024-01-17,266.63,champions
C0052,2023-11-01,407.94,champions
C0227,2023-11-21,88.24,at_risk
C0144,2024-01-02,78.92,at_risk
C0062,2023-06-23,171.32,loyal
C0099,2023-12-22,83.28,loyal
C0081,2024-01-13,143.84,loyal
C0018,2024-03-03,134.07,champions
C0208,2023-10-13,92.88,at_risk
C0013,2023-08-19,315.29,champions
C0018,2023-07-04,337.52,champions
C0092,2023-11-03,73.1,loyal
C0130,2023-10-02,136.62,loyal
C0192,2023-08-30,48.72,at_risk
C0107,2024-02-15,65.89,loyal
C0136,2023-11-13,87.61,loyal
C0301,2023-02-27,32.64,lost
C0084,2023-05-14,114.13,loyal
C0084,2024-01-07,107.08,loyal
C0400,2024-03-10,89.51,new
C0014,2023-11-30,172.69,champions
C0139,2024-01-12,158.92,loyal
C0154,2023-10-23,88.44,at_risk
C0094,2023-09-15,138.48,loyal
C0032,2023-05-28,467.91,champions
C0143,2023-10-26,32.85,at_risk
C0016,2023-11-13,376.24,champions
C0114,2023-08-10,65.81,loyal
C0007,2023-12-30,115.9,champions
C0396,2024-03-16,27.82,new
C0093,2024-02-16,130.09,loyal
C0184,2023-05-23,64.14,at_risk
C0046,2024-03-11,478.09,champions
C0016,2024-01-28,170.45,champions
C0023,2024-02-20,461.37,champions
C0204,2023-11-30,136.76,at_risk
C0014,2023-11-19,211.3,champions
C0017,2023-07-11,313.65,champions
C0073,2024-01-09,100.81,loyal
C0003,2024-01-02,303.07,champions
C0079,2023-12-05,121.2,loyal
C0110,2024-02-24,244.71,loyal
C0118,2023-06-21,226.53,loyal
C0037,2023-07-19,387.83,champions
C0138,2023-11-11,84.71,loyal
C0045,2024-02-03,408.41,champions
C0002,2023-10-21,185.05,champions
C0019,2024-01-10,288.2,champions
C0148,2023-06-30,132.18,at_risk
C0241,2023-10-29,19.46,lost
C0106,2024-02-14,116.03,loyal
C0054,2024-02-14,112.89,champions
C0046,2023-10-28,323.13,champions
C0387,2024-03-15,38.82,new
C0061,2023-08-24,201.64,loyal
C0174,2023-10-08,99.13,at_risk
C0122,2024-01-23,132.87,loyal
C0115,2023-12-09,183.0,loyal
C0067,2023-12-19,143.31,loyal
C0126,2024-03-06,62.42,loyal
C0360,2023-10-19,82.95,new
C0050,2023-08-11,455.7,champions
C0068,2023-12-19,89.29,loyal
C0084,2024-02-06,86.6,loyal
C0109,2024-03-13,202.92,loyal
C0018,2024-01-02,252.15,champions
C0185,2023-10-26,57.16,at_risk
C0053,2024-02-06,494.45,champions
C0156,2023-08-15,136.97,at_risk
C0052,2023-10-16,146.97,champions
C0047,2023-08-07,351.7,champions
C0022,2023-08-26,448.95,champions
C0113,2024-01-01,200.78,loyal
C0128,2024-02-07,81.48,loyal
C0033,2023-12-28,145.61,champions
C0116,2023-11-07,190.04,loyal
C0031,2023-12-22,186.23,champions
C0102,2023-10-13,65.36,loyal
C0051,2024-01-26,290.98,champions
C0128,2024-01-26,79.71,loyal
C0004,2024-02-28,134.26,champions
C0142,2023-11-05,130.28,at_risk
C0038,2023-10-05,497.81,champions
C0027,2023-09-24,182.86,champions
C0041,2024-03-22,446.32,champions
C0163,2023-10-02,30.79,at_risk
C0005,2024-02-05,335.38,champions
C0201,2023-09-19,35.73,at_risk
C0127,2024-02-21,61.84,loyal
C0132,2023-12-30,129.03,loyal
C0109,2024-01-25,125.32,loyal
C0044,2024-01-16,164.79,champions
C0155,2023-10-26,39.18,at_risk
C0050,2024-03-13,498.87,champions
C0135,2023-12-16,155.74,loyal
C0070,2023-08-04,171.83,loyal
C0083,2024-01-24,247.75,loyal
C0320,2023-08-24,46.89,lost
C0028,2024-03-07,290.5,champions
C0138,2023-07-16,220.74,loyal
C0006,2023-12-28,460.98,champions
C0177,2024-01-05,96.25,at_risk
C0156,2023-10-31,138.76,at_risk
C0101,2023-12-18,79.03,loyal
C0203,2023-11-15,53.87,at_risk
C0175,2023-02-20,126.51,at_risk
C0196,2023-11-10,147.18,at_risk
C0009,2023-12-14,489.53,champions
C0139,2023-11-12,90.28,loyal
C0064,2023-11-03,208.04,loyal
C0283,2023-04-30,63.58,lost
C0002,2024-03-03,191.62,champions
C0235,2023-11-13,143.35,at_risk
C0010,2023-10-18,273.83,champions
C0076,2024-01-27,115.5,loyal
C0018,2024-03-02,147.38,champions
C0038,2023-10-18,472.33,champions
C0001,2024-02-28,112.71,champions
C0038,2023-04-16,359.98,champions
C0261,2023-06-14,41.5,lost
C0001,2024-03-23,189.28,champions
C0003,2023-10-31,436.67,champions
C0067,2023-11-09,217.94,loyal
C0084,2024-01-27,76.47,loyal
C0189,2023-09-25,94.28,at_risk
C0382,2023-10-15,118.64,new
C0102,2024-02-07,93.46,loyal
C0139,2023-10-28,128.55,loyal
C0016,2023-12-05,236.14,champions
C0252,2023-06-18,25.55,lost
C0164,2023-11-19,102.24,at_risk
C0027,2024-02-25,186.91,champions
C0033,2023-06-13,130.14,champions
C0017,2024-02-09,433.05,champions
C0039,2024-02-04,220.46,champions
C0027,2023-07-24,200.26,champions
C0107,2023-08-20,89.18,loyal
C0041,2024-02-11,298.48,champions
C0026,2023-05-08,139.61,champions
C0032,2024-02-03,300.1,champions
C0039,2024-03-08,345.92,champions
C0236,2023-08-27,108.83,at_risk
C0118,2023-07-16,84.31,loyal
C0007,2023-05-12,221.01,champions
C0128,2023-09-12,188.89,loyal
C0292,2023-09-12,14.63,lost
C0057,2024-03-12,438.85,champions
C0054,2024-03-04,391.14,champions
C0133,2023-12-12,191.45,loyal
C0052,2023-09-02,402.94,champions
C0050,2024-03-15,121.0,champions
C0034,2024-02-16,280.21,champions
C0168,2023-09-06,134.08,at_risk
C0009,2023-11-23,453.65,champions
C0146,2023-10-29,119.61,at_risk
C0045,2023-12-22,197.95,champions
C0297,2023-08-20,30.38,lost
C0257,2023-07-31,35.57,lost
C0178,2023-08-24,143.91,at_risk
C0067,2023-08-17,187.87,loyal
C0022,2024-02-24,263.99,champions
C0047,2024-02-14,333.41,champions
C0116,2023-10-09,135.46,loyal
C0101,2024-03-01,248.88,loyal
C0240,2023-07-31,83.7,at_risk
C0001,2024-03-27,396.62,champions
C0040,2023-08-22,285.85,champions
C0076,2023-09-27,162.99,loyal
C0153,2023-10-21,63.2,at_risk
C0378,2024-03-12,100.98,new
C0102,2023-10-11,128.17,loyal
C0127,2024-01-10,122.45,loyal
C0060,2023-10-21,168.55,champions
C0063,2023-11-11,89.31,loyal
C0046,2023-12-17,340.99,champions
C0055,2023-12-20,210.06,champions
C0051,2023-10-22,458.82,champions
C0126,2024-01-12,122.81,loyal
C0270,2022-12-10,74.84,lost
C0034,2023-09-22,371.56,champions
C0194,2023-08-20,104.48,at_risk
C0223,2023-12-09,58.32,at_risk
C0334,2023-11-29,112.78,new
C0091,2023-11-28,139.09,loyal
C0103,2023-09-29,85.93,loyal
C0111,2023-12-27,132.78,loyal
C0248,2022-12-17,34.36,lost
C0090,2024-01-31,195.34,loyal
C0043,2024-02-10,180.07,champions
C0029,2024-03-11,334.15,champions
C0205,2023-11-19,131.87,at_risk
C0060,2024-03-13,283.6,champions
C0020,2024-02-18,445.96,champions
C0044,2024-01-25,356.94,champions
C0016,2024-01-18,432.29,champions
C0393,2023-12-09,112.66,new
C0065,2024-02-11,116.95,loyal
C0083,2023-12-21,132.72,loyal
C0127,2024-01-23,128.44,loyal
C0023,2024-03-23,273.59,champions
C0014,2024-01-13,281.88,champions
C0039,2024-02-17,354.27,champions
C0026,2024-01-20,454.9,champions
C0002,2024-03-10,380.73,champions
C0088,2024-01-07,146.14,loyal
C0081,2024-02-14,163.99,loyal
C0045,2024-03-07,235.05,champions
C0044,2024-01-24,301.03,champions
C0048,2023-11-27,318.51,champions
C0013,2024-01-05,293.84,champions
C0065,2024-03-01,128.61,loyal
C0053,2023-10-14,237.81,champions
C0028,2023-11-10,357.34,champions
C0083,2023-06-18,167.03,loyal
C0181,2023-06-21,91.9,at_risk
C0112,2024-03-10,201.69,loyal
C0133,2023-11-03,171.87,loyal
C0045,2024-02-27,116.48,champions
C0131,2024-01-17,210.44,loyal
C0039,2024-03-08,462.34,champions
C0187,2023-08-23,120.9,at_risk
C0004,2024-02-05,229.66,champions
C0331,2023-10-15,116.01,new
C0361,2024-01-21,91.29,new
C0097,2024-01-16,65.91,loyal
C0007,2023-09-13,433.5,champions
C0232,2024-01-06,88.24,at_risk
C0177,2023-09-02,99.32,at_risk
C0046,2024-02-09,297.96,champions
C0019,2023-12-26,341.49,champions
C0043,2023-07-14,355.08,champions
C0053,2023-12-13,389.31,champions
C0032,2023-12-15,330.3,champions
C0019,2024-03-05,463.36,champions
C0028,2024-02-25,280.8,champions
C0240,2023-10-11,73.2,at_risk
C0043,2024-01-09,194.69,champions
C0104,2023-08-26,221.64,loyal
C0265,2023-08-04,21.92,lost
C0044,2023-07-06,482.54,champions
C0058,2023-08-08,486.6,champions
C0263,2023-09-11,46.63,lost
C0059,2023-11-26,160.41,champions
C0030,2023-11-09,189.7,champions
C0223,2023-10-13,56.13,at_risk
C0197,2023-09-07,62.33,at_risk
C0060,2024-03-11,496.09,champions
C0047,2023-12-23,309.69,champions
C0082,2023-12-18,150.59,loyal
C0370,2024-03-13,60.08,new
C0037,2023-11-23,223.79,champions
C0238,2023-11-03,81.25,at_risk
C0175,2023-08-04,108.55,at_risk
C0083,2023-05-12,87.14,loyal
C0163,2023-11-13,82.79,at_risk
C0181,2024-01-24,106.83,at_risk
C0111,2023-12-22,208.11,loyal
C0129,2024-03-07,109.71,loyal
C0131,2023-08-09,181.13,loyal
C0032,2024-02-01,262.01,champions
C0036,2024-01-24,381.13,champions
C0068,2023-04-08,139.48,loyal
C0070,2024-03-14,246.89,loyal
C0029,2024-01-13,265.53,champions
C0120,2023-08-16,229.64,loyal
C0031,2024-03-30,447.95,champions
C0101,2024-01-19,151.14,loyal
C0011,2023-12-06,306.18,champions
C0104,2023-07-28,115.96,loyal
C0017,2024-02-18,321.34,champions
C0220,2023-12-02,53.9,at_risk
C0050,2023-11-14,415.18,champions
C0080,2023-07-22,216.72,loyal
C0007,2024-02-04,367.89,champions
C0140,2024-01-20,242.19,loyal
C0099,2024-01-20,144.25,loyal
C0033,2023-12-22,178.91,champions
C0056,2023-10-21,465.9,champions
C0091,2024-02-25,165.04,loyal
C0001,2024-01-23,188.18,champions
C0171,2023-08-16,138.19,at_risk
C0024,2023-12-29,218.35,champions
C0018,2024-01-06,364.17,champions
C0114,2023-10-24,152.87,loyal
C0063,2023-12-24,95.6,loyal
C0080,2023-10-20,180.62,loyal
C0044,2023-05-26,161.68,champions
C0060,2024-01-18,321.08,champions
C0075,2024-01-30,240.85,loyal
C0136,2023-12-01,213.58,loyal
C0196,2024-01-27,71.67,at_risk
C0005,2024-02-01,389.34,champions
C0084,2023-10-19,119.76,loyal
C0031,2024-03-22,398.44,champions
C0270,2023-03-26,77.68,lost
C0027,2024-02-11,139.74,champions
C0021,2023-11-02,447.84,champions
C0077,2024-02-12,207.37,loyal
C0137,2023-08-19,217.7,loyal
C0141,2023-06-05,93.98,at_risk
C0019,2024-03-09,270.06,champions
C0110,2023-11-04,142.72,loyal
C0317,2023-07-19,75.2,lost
C0014,2024-02-22,479.84,champions
C0001,2024-02-24,379.26,champions
C0070,2023-09-14,88.64,loyal
C0143,2023-07-31,96.97,at_risk
C0025,2024-02-26,401.66,champions
C0226,2023-10-28,45.1,at_risk
C0315,2023-08-10,17.62,lost
C0112,2023-09-12,207.07,loyal
C0210,2023-03-10,94.71,at_risk
C0066,2024-01-15,214.94,loyal
C0045,2023-12-05,405.25,champions
C0017,2024-01-29,247.61,champions
C0127,2024-02-08,78.05,loyal
C0014,2024-02-20,492.29,champions
C0191,2023-11-17,89.88,at_risk
C0066,2023-10-07,239.98,loyal
C0104,2023-12-27,131.89,loyal
C0113,2024-01-28,157.9,loyal
C0010,2024-03-14,146.14,champions
C0131,2023-11-18,63.38,loyal
C0039,2024-01-28,216.51,champions
C0198,2023-11-29,55.26,at_risk
C0029,2024-02-12,136.49,champions
C0042,2024-02-03,420.44,champions
C0066,2024-02-24,132.18,loyal
C0025,2023-07-07,231.2,champions
C0185,2023-08-07,98.99,at_risk
C0020,2024-02-06,284.58,champions
C0109,2023-11-20,139.54,loyal
C0105,2023-08-17,199.19,loyal
C0088,2024-02-02,118.93,loyal
C0198,2023-07-28,132.52,at_risk
C0018,2023-11-29,113.06,champions
C0012,2024-01-21,330.27,champions
C0016,2024-02-19,211.57,champions
C0237,2023-05-09,72.96,at_risk
C0004,2024-03-19,315.75,champions
C0206,2023-11-08,117.33,at_risk
C0240,2023-11-23,75.01,at_risk
C0027,2023-10-02,182.08,champions
C0074,2024-02-24,234.55,loyal
C0093,2023-11-16,244.65,loyal
C0041,2023-11-20,278.37,champions
C0281,2023-09-29,79.7,lost
C0053,2023-09-13,171.99,champions
C0326,2024-03-30,22.4,new
C0064,2023-12-17,224.11,loyal
C0043,2023-10-22,216.14,champions
C0108,2023-10-16,110.35,loyal
C0139,2023-06-20,160.79,loyal
C0008,2024-02-27,396.97,champions
C0067,2024-02-01,129.35,loyal
C0051,2023-09-22,194.21,champions
C0011,2024-01-29,263.36,champions
C0093,2023-10-11,64.54,loyal
C0070,2024-02-19,243.49,loyal
C0148,2023-09-09,104.03,at_risk
C0108,2024-02-19,118.59,loyal
C0001,2024-03-24,370.68,champions
C0096,2024-02-10,77.18,loyal
C0248,2023-04-01,74.53,lost
C0124,2023-12-03,144.42,loyal
C0156,2023-08-16,61.27,at_risk
C0024,2023-07-08,358.54,champions
C0282,2023-09-16,22.89,lost
C0103,2024-01-18,171.46,loyal
C0007,2024-02-23,103.73,champions
C0261,2023-05-31,66.3,lost
C0029,2023-11-04,259.49,champions
C0266,2023-09-12,53.26,lost
C0051,2024-02-16,173.91,champions
C0303,2023-03-23,16.38,lost
C0018,2024-01-28,350.21,champions
C0327,2024-03-24,119.9,new
C0018,2024-01-19,327.45,champions
C0084,2023-11-17,126.79,loyal
C0105,2023-11-24,209.53,loyal
C0093,2023-04-12,131.49,loyal
C0185,2023-04-17,42.78,at_risk
C0084,2024-01-28,172.02,loyal
C0139,2023-06-22,216.5,loyal
C0006,2024-03-14,277.25,champions
C0019,2023-07-17,274.35,champions
C0123,2024-01-18,131.29,loyal
C0072,2024-01-11,158.04,loyal
C0095,2023-08-14,80.7,loyal
C0002,2024-01-17,353.99,champions
C0103,2023-09-24,223.53,loyal
C0294,2023-05-02,37.59,lost
C0053,2024-03-03,398.32,champions
C0201,2023-11-05,112.87,at_risk
C0025,2024-02-15,398.62,champions
C0042,2024-03-10,130.02,champions
C0121,2023-09-02,240.51,loyal
C0039,2023-11-17,338.7,champions
C0275,2023-06-13,25.79,lost
C0159,2023-10-24,74.33,at_risk
C0290,2023-10-25,63.52,lost
C0007,2024-02-12,129.3,champions
C0145,2023-07-24,75.77,at_risk
C0039,2024-03-01,195.38,champions
C0023,2023-11-21,347.88,champions
C0021,2024-03-11,468.75,champions
C0020,2023-12-21,350.16,champions
C0047,2023-08-20,289.84,champions
C0090,2024-02-21,159.53,loyal
C0045,2023-12-03,293.7,champions
C0295,2023-05-22,65.08,lost
C0019,2024-03-06,499.83,champions
C0025,2024-03-07,432.19,champions
C0131,2023-10-14,164.33,loyal
C0004,2023-09-27,406.33,champions
C0030,2023-10-07,468.62,champions
C0117,2024-02-05,223.68,loyal
C0372,2024-03-28,40.82,new
C0190,2023-10-27,87.19,at_risk
C0236,2023-05-14,105.04,at_risk
C0003,2023-12-01,273.91,champions
C0005,2024-02-23,462.17,champions
C0048,2023-12-26,482.67,champions
C0092,2023-11-17,246.47,loyal
C0101,2023-12-24,65.57,loyal
C0082,2024-01-12,172.8,loyal
C0005,2023-12-24,413.85,champions
C0097,2023-10-24,78.0,loyal
C0050,2024-02-05,267.15,champions
C0105,2024-02-25,69.15,loyal
C0184,2023-11-15,140.3,at_risk
C0016,2023-07-31,479.23,champions
C0041,2024-01-24,318.19,champions
C0054,2024-02-04,210.26,champions
C0030,2024-01-01,476.45,champions
C0080,2024-01-11,211.18,loyal
C0007,2023-10-02,220.0,champions
C0028,2023-10-06,308.58,champions
C0126,2024-01-16,240.39,loyal
C0015,2023-08-31,432.23,champions
C0111,2023-05-27,175.64,loyal
C0179,2023-06-07,141.1,at_risk
C0082,2024-01-04,178.86,loyal
C0135,2024-01-15,195.26,loyal
C0120,2024-01-20,160.67,loyal
C0012,2023-08-15,307.18,champions
C0039,2024-02-07,309.39,champions
C0126,2024-02-15,232.31,loyal
C0046,2024-02-24,272.37,champions
C0230,2023-12-11,108.99,at_risk
C0062,2024-03-02,124.71,loyal
C0046,2023-09-08,300.03,champions
C0006,2023-07-14,124.38,champions
C0131,2024-02-09,76.72,loyal
C0006,2024-02-21,331.67,champions
C0152,2023-09-15,145.04,at_risk
C0111,2023-09-15,67.12,loyal
C0101,2023-12-16,125.37,loyal
C0312,2023-05-18,41.76,lost
C0003,2023-09-25,400.35,champions
C0235,2023-10-25,93.48,at_risk
C0246,2023-09-19,67.8,lost
C0124,2023-05-22,158.86,loyal
C0031,2024-01-27,410.73,champions
C0202,2023-10-21,61.17,at_risk
C0191,2024-01-04,62.29,at_risk
C0175,2023-11-10,92.37,at_risk
C0025,2023-11-02,428.97,champions
C0061,2023-12-27,188.64,loyal
C0001,2023-11-07,330.94,champions
C0008,2023-11-04,295.41,champions
C0108,2024-02-26,181.26,loyal
C0063,2023-10-20,79.42,loyal
C0016,2024-01-09,486.19,champions
C0026,2023-11-21,368.19,champions
C0087,2023-12-17,245.12,loyal
C0005,2023-12-29,128.34,champions
C0075,2024-02-25,177.69,loyal
C0077,2024-03-08,145.45,loyal
C0025,2023-10-29,143.34,champions
C0044,2023-10-28,345.77,champions
C0007,2024-03-15,467.75,champions
C0214,2023-10-13,76.77,at_risk
C0140,2023-11-23,234.03,loyal
C0025,2023-11-24,369.13,champions
C0064,2023-08-28,231.99,loyal
C0032,2024-01-19,313.03,champions
C0056,2024-02-10,263.3,champions
C0118,2024-01-04,198.04,loyal
C0046,2024-03-14,299.5,champions
C0342,2024-03-24,50.23,new
C0212,2023-12-08,66.43,at_risk
C0088,2023-11-28,82.69,loyal
C0095,2024-01-27,91.23,loyal
C0025,2023-06-01,188.55,champions
C0034,2023-12-31,115.66,champions
C0384,2024-03-13,30.97,new
C0080,2024-01-05,122.18,loyal
C0007,2024-02-18,451.71,champions
C0212,2023-12-23,92.8,at_risk
C0239,2023-12-06,138.3,at_risk
C0014,2023-10-30,200.91,champions
C0342,2024-02-25,57.42,new
C0161,2023-09-24,73.84,at_risk
C0202,2023-08-26,71.3,at_risk
C0015,2023-10-14,313.1,champions
C0313,2023-07-04,13.85,lost
C0235,2023-11-21,130.13,at_risk
C0088,2024-01-09,189.4,loyal
C0083,2024-01-09,79.61,loyal
C0055,2024-01-27,194.76,champions
C0056,2023-09-04,157.74,champions
C0053,2023-11-11,369.11,champions
C0090,2023-10-14,70.53,loyal
C0036,2024-03-06,358.41,champions
C0362,2024-03-16,33.18,new
C0136,2024-02-25,81.93,loyal
C0047,2023-05-25,409.84,champions
C0041,2024-03-03,272.24,champions
C0058,2023-12-17,299.72,champions
C0067,2023-12-26,97.96,loyal
C0019,2023-09-28,334.85,champions
C0016,2023-12-19,274.23,champions
C0017,2024-01-03,232.32,champions
C0079,2024-03-08,193.27,loyal
C0112,2023-08-05,78.66,loyal
C0079,2023-12-17,179.28,loyal
C0109,2024-01-14,138.66,loyal
C0059,2023-12-23,192.57,champions
C0021,2024-02-12,409.07,champions
C0002,2024-03-19,183.8,champions
C0116,2023-07-22,175.72,loyal
C0024,2023-07-20,372.34,champions
C0022,2024-02-14,416.96,champions
C0019,2023-08-16,487.62,champions
C0154,2023-04-13,39.84,at_risk
C0020,2023-09-17,419.73,champions
C0054,2024-01-15,284.25,champions
C0129,2023-12-02,197.52,loyal
C0020,2024-03-14,175.03,champions
C0388,2024-03-19,35.43,new
C0007,2023-05-04,426.84,champions
C0034,2024-02-01,226.46,champions
C0032,2023-11-08,422.48,champions
C0103,2024-01-13,207.13,loyal
C0114,2024-02-08,129.99,loyal
C0020,2024-03-21,478.08,champions
C0337,2024-03-21,53.92,new
C0205,2023-02-17,77.45,at_risk
C0140,2023-11-09,228.28,loyal
C0171,2023-11-05,129.18,at_risk
C0024,2023-11-27,218.09,champions
C0111,2024-02-12,171.71,loyal
C0073,2023-06-03,81.7,loyal
C0198,2023-08-02,120.26,at_risk
C0109,2023-06-16,188.73,loyal
C0066,2023-06-02,208.58,loyal
C0052,2023-06-15,319.69,champions
C0021,2024-03-16,157.86,champions
C0103,2024-01-07,123.95,loyal
C0099,2023-10-10,69.62,loyal
C0007,2024-01-07,195.47,champions
C0133,2023-08-06,235.63,loyal
C0064,2024-02-06,64.99,loyal
C0118,2023-08-17,128.11,loyal
C0053,2023-09-08,497.14,champions
C0062,2023-11-19,153.21,loyal
C0024,2024-03-14,355.58,champions
C0102,2024-02-29,205.17,loyal
C0208,2023-05-17,48.63,at_risk
C0175,2023-12-09,99.36,at_risk
C0358,2024-03-13,25.07,new
C0116,2023-08-01,72.13,loyal
C0011,2024-03-15,225.57,champions
C0059,2024-03-19,478.08,champions
C0042,2023-11-30,484.21,champions
C0050,2024-01-31,228.47,champions
C0005,2023-09-13,391.29,champions
C0039,2023-09-15,449.33,champions
C0052,2023-12-26,469.24,champions
C0048,2023-12-28,468.21,champions
C0005,2023-09-11,445.53,champions
C0267,2023-10-16,56.23,lost
C0070,2023-11-13,170.3,loyal
C0046,2023-10-17,177.86,champions
C0364,2024-02-08,106.11,new
C0257,2023-08-08,32.45,lost
C0108,2023-10-26,130.19,loyal
C0003,2024-03-02,303.81,champions
C0397,2023-11-01,51.25,new
C0178,2023-12-15,55.73,at_risk
C0367,2023-12-18,80.44,new
C0059,2024-01-14,119.41,champions
C0024,2023-07-25,402.23,champions
C0214,2023-12-07,59.99,at_risk
C0121,2024-01-22,153.02,loyal
C0188,2023-11-05,137.58,at_risk
C0262,2023-08-10,61.8,lost
C0100,2024-01-18,66.58,loyal
C0074,2024-02-01,130.93,loyal
C0061,2023-07-13,197.59,loyal
C0088,2023-12-26,71.0,loyal
C0213,2023-11-30,95.79,at_risk
C0077,2024-01-22,223.82,loyal
C0231,2023-12-10,68.64,at_risk
C0006,2023-09-09,364.75,champions
C0225,2023-04-29,70.61,at_risk
C0030,2024-02-07,231.86,champions
C0235,2023-12-05,128.84,at_risk
C0020,2023-08-02,163.35,champions
C0120,2024-01-16,86.1,loyal
C0041,2024-01-19,274.78,champions
C0002,2024-02-02,359.21,champions
C0048,2024-01-11,499.25,champions
C0009,2023-11-16,141.12,champions
C0137,2024-02-17,201.06,loyal
C0110,2024-01-06,74.89,loyal
C0231,2023-11-23,35.25,at_risk
C0013,2024-03-09,477.1,champions
C0084,2023-07-03,174.19,loyal
C0055,2024-02-02,227.56,champions
C0049,2023-09-17,185.59,champions
C0143,2023-09-04,34.55,at_risk
C0044,2023-12-18,336.72,champions
C0139,2023-12-10,186.03,loyal
C0107,2023-10-20,110.4,loyal
C0023,2023-09-08,202.13,champions
C0125,2023-08-19,244.89,loyal
C0260,2023-09-11,27.01,lost
C0023,2023-08-17,157.25,champions
C0102,2023-08-30,163.0,loyal
C0125,2023-09-14,193.65,loyal
C0210,2023-09-24,142.18,at_risk
C0219,2023-12-12,69.63,at_risk
C0110,2023-10-07,109.0,loyal
C0237,2023-11-03,121.95,at_risk
C0032,2023-11-15,468.46,champions
C0152,2023-08-27,98.02,at_risk
C0213,2023-12-01,31.1,at_risk
C0045,2023-11-25,490.15,champions
C0191,2023-10-20,58.18,at_risk
C0011,2024-03-09,302.85,champions
C0030,2024-02-27,487.36,champions
C0040,2023-10-07,170.04,champions
C0240,2023-10-08,141.14,at_risk
C0017,2024-02-12,200.99,champions
C0066,2023-12-29,243.27,loyal
C0031,2023-10-04,144.36,champions
C0045,2023-12-09,393.68,champions
C0047,2023-07-27,331.05,champions
C0019,2024-02-27,417.05,champions
C0301,2023-04-30,22.52,lost
C0377,2024-03-20,84.5,new
C0015,2024-03-06,411.12,champions
C0277,2023-04-08,39.85,lost
C0022,2024-03-08,287.8,champions
C0032,2024-03-11,103.07,champions
C0176,2023-04-10,63.07,at_risk
C0053,2023-11-16,266.17,champions
C0066,2024-01-30,117.08,loyal
C0206,2023-11-09,132.51,at_risk
C0047,2023-09-15,143.84,champions
C0102,2024-03-01,161.4,loyal
C0058,2023-06-28,477.39,champions
C0064,2023-11-26,173.63,loyal
C0020,2023-07-28,492.1,champions
C0127,2024-01-25,186.04,loyal
C0102,2023-12-21,153.18,loyal
C0056,2024-01-18,255.37,champions
C0103,2024-01-26,234.57,loyal
C0132,2023-11-04,102.13,loyal
C0008,2023-10-22,431.74,champions
C0100,2023-08-18,116.07,loyal
C0202,2023-09-01,97.24,at_risk
C0098,2024-02-09,170.64,loyal
C0050,2024-01-29,314.06,champions
C0064,2023-12-08,190.21,loyal
C0351,2024-03-12,83.89,new
C0030,2023-11-24,224.98,champions
C0023,2024-03-20,459.56,champions
C0295,2023-02-23,17.65,lost
C0071,2023-11-06,68.49,loyal
C0219,2023-12-15,113.63,at_risk
C0306,2023-08-09,70.99,lost
C0185,2023-10-16,84.57,at_risk
C0196,2023-11-30,123.11,at_risk
C0185,2023-11-18,71.7,at_risk
C0066,2024-02-09,143.64,loyal
C0115,2024-02-04,133.45,loyal
C0044,2024-02-04,310.28,champions
C0001,2023-10-06,149.93,champions
C0057,2024-03-24,358.68,champions
C0003,2023-08-08,236.07,champions
C0096,2023-05-20,107.16,loyal
C0138,2024-01-19,95.53,loyal
C0220,2023-09-14,59.88,at_risk
C0060,2024-03-15,361.49,champions
C0058,2024-03-09,223.37,champions
C0029,2023-06-12,469.19,champions
C0128,2024-01-04,228.36,loyal
C0049,2023-07-13,378.47,champions
C0112,2024-01-04,119.08,loyal
C0157,2023-05-20,46.84,at_risk
C0086,2023-12-11,85.08,loyal
C0023,2024-02-04,167.99,champions
C0002,2023-10-19,375.26,champions
C0015,2024-03-16,202.5,champions
C0194,2023-11-23,131.76,at_risk
C0036,2023-12-25,464.98,champions
C0095,2023-12-25,104.39,loyal
C0027,2023-12-24,143.97,champions
C0050,2024-03-20,219.36,champions
C0146,2023-12-02,94.02,at_risk
C0394,2023-10-01,56.86,new
C0020,2023-10-24,137.28,champions
C0170,2023-09-19,100.87,at_risk
C0303,2023-04-13,60.29,lost
C0030,2023-07-22,345.43,champions
C0005,2024-02-14,369.35,champions
C0054,2024-03-12,361.41,champions
C0091,2023-10-06,102.66,loyal
C0003,2024-03-06,402.31,champions
C0199,2023-09-23,112.32,at_risk
C0041,2024-03-09,390.73,champions
C0041,2023-11-18,364.37,champions
C0052,2024-03-04,104.57,champions
C0138,2024-01-30,122.81,loyal
C0010,2024-03-18,307.97,champions
C0013,2024-03-05,397.46,champions
C0115,2023-07-30,102.77,loyal
C0259,2023-03-29,23.98,lost
C0088,2024-01-19,235.68,loyal
C0201,2023-11-08,55.86,at_risk
C0059,2023-07-12,200.97,champions
C0277,2023-05-30,58.06,lost
C0127,2024-02-21,110.18,loyal
C0096,2024-02-07,100.85,loyal
C0313,2023-07-19,13.42,lost
C0119,2024-01-01,149.4,loyal
C0009,2024-03-13,144.75,champions
C0046,2023-12-12,369.01,champions
C0001,2023-08-09,454.18,champions
C0101,2023-11-11,155.45,loyal
C0022,2023-07-09,387.49,champions
C0250,2023-08-27,13.79,lost
C0022,2024-03-12,449.68,champions
C0133,2024-03-03,160.77,loyal
C0083,2023-11-19,73.46,loyal
C0123,2023-12-23,198.16,loyal
C0065,2023-10-20,172.82,loyal
C0338,2023-12-05,38.74,new
C0058,2023-11-16,218.08,champions
C0062,2024-01-17,65.63,loyal
C0056,2023-09-27,322.91,champions
C0094,2024-02-26,139.77,loyal
C0117,2024-01-22,184.66,loyal
C0077,2024-03-10,202.76,loyal
C0053,2024-01-25,461.16,champions
C0007,2024-01-02,302.35,champions
C0031,2023-09-03,269.61,champions
C0109,2024-03-02,219.75,loyal
C0218,2023-10-06,124.29,at_risk
C0140,2023-08-21,157.72,loyal
C0043,2024-01-17,169.06,champions
C0009,2023-11-24,189.17,champions
C0121,2024-02-24,145.89,loyal
C0102,2024-02-16,169.38,loyal
C0041,2024-03-26,401.32,champions
C0219,2023-08-17,38.57,at_risk
C0174,2023-09-23,46.07,at_risk
C0001,2024-02-05,482.89,champions
C0007,2023-12-11,326.09,champions
C0006,2023-10-17,122.87,champions
C0053,2024-02-17,165.81,champions
C0386,2023-10-31,41.12,new
C0120,2023-12-24,125.11,loyal
C0105,2024-01-20,86.72,loyal
C0105,2024-02-09,216.12,loyal
C0096,2023-09-11,135.29,loyal
C0122,2023-10-29,240.21,loyal
C0034,2024-02-25,357.2,champions
C0133,2023-09-13,219.38,loyal
C0096,2023-11-22,117.8,loyal
C0101,2024-01-31,208.56,loyal
C0072,2023-11-12,90.43,loyal
C0310,2023-06-25,48.05,lost
C0316,2022-12-29,50.06,lost
C0072,2024-01-27,236.69,loyal
C0070,2024-02-04,82.05,loyal
C0037,2024-02-08,432.54,champions
C0193,2023-07-31,89.12,at_risk
C0050,2024-01-19,474.64,champions
C0019,2023-08-29,116.09,champions
C0034,2024-02-13,229.28,champions
C0022,2024-02-03,485.93,champions
C0081,2023-11-03,63.09,loyal
C0114,2023-08-28,93.74,loyal
C0196,2023-10-12,112.71,at_risk
C0278,2023-06-01,41.44,lost
C0136,2023-05-22,107.61,loyal
C0019,2024-01-04,477.07,champions
C0192,2023-12-29,57.5,at_risk
C0227,2023-10-19,72.98,at_risk
C0025,2023-10-29,246.31,champions
C0183,2023-12-27,72.38,at_risk
C0056,2024-02-24,227.49,champions
C0088,2023-06-05,200.92,loyal
C0046,2024-02-21,115.57,champions
C0013,2024-03-04,442.69,champions
C0137,2023-12-17,133.89,loyal
C0137,2023-10-02,114.65,loyal
C0004,2024-02-02,363.9,champions
C0052,2023-08-10,249.45,champions
C0011,2024-01-23,365.97,champions
C0054,2023-12-21,429.34,champions
C0040,2024-02-20,386.42,champions
C0056,2023-08-24,265.07,champions
C0205,2023-11-13,39.49,at_risk
C0017,2024-02-17,388.51,champions
C0014,2024-02-25,187.77,champions
C0110,2024-03-07,240.36,loyal
C0113,2023-11-07,219.03,loyal
C0154,2023-11-04,51.09,at_risk
C0363,2024-03-27,51.04,new
C0038,2024-02-11,420.5,champions
C0183,2023-09-17,78.65,at_risk
C0035,2023-08-03,156.57,champions
C0105,2024-02-25,101.97,loyal
C0016,2023-12-17,409.86,champions
C0050,2024-03-01,232.12,champions
C0121,2024-02-11,180.55,loyal
C0111,2023-10-04,168.68,loyal
C0179,2023-11-10,49.29,at_risk
C0005,2024-03-01,259.6,champions
C0091,2024-03-06,68.37,loyal
C0128,2023-12-29,176.15,loyal
C0367,2024-03-16,48.23,new
C0299,2023-05-10,73.26,lost
C0064,2024-02-10,157.36,loyal
C0057,2023-12-23,258.65,champions
C0022,2023-12-29,232.8,champions
C0032,2024-01-21,170.28,champions
C0037,2024-02-23,115.1,champions
C0138,2024-01-03,131.67,loyal
C0151,2023-07-12,38.38,at_risk
C0132,2023-12-14,127.48,loyal
C0072,2023-10-13,141.01,loyal
C0054,2024-02-27,260.91,champions
C0028,2024-01-29,305.3,champions
C0013,2024-02-22,265.95,champions
C0017,2023-06-22,447.38,champions
C0180,2023-06-18,64.38,at_risk
C0082,2024-03-07,130.65,loyal
C0192,2023-11-17,130.36,at_risk
C0228,2023-08-14,117.89,at_risk
C0032,2024-03-11,298.95,champions
C0216,2023-09-09,32.33,at_risk
C0005,2024-01-13,211.39,champions
C0019,2024-01-23,443.09,champions
C0242,2023-10-28,67.56,lost
C0054,2024-03-03,449.82,champions
C0005,2023-12-29,268.75,champions
C0108,2023-08-30,148.36,loyal
C0003,2024-03-13,155.85,champions
C0045,2023-12-03,156.35,champions
C0249,2023-07-19,70.89,lost
C0026,2024-02-05,255.46,champions
C0328,2024-03-29,54.97,new
C0272,2023-08-09,37.54,lost
C0147,2023-10-29,136.44,at_risk
C0043,2024-03-08,185.83,champions
C0024,2024-03-19,495.06,champions
C0204,2023-10-29,103.64,at_risk
C0165,2023-12-01,87.46,at_risk
C0058,2024-01-31,396.5,champions
C0029,2024-02-02,302.22,champions
C0047,2023-12-01,295.94,champions
C0008,2023-10-30,441.17,champions
C0044,2024-02-18,499.84,champions
C0058,2024-03-18,313.46,champions
C0113,2023-11-27,224.77,loyal
C0135,2024-01-18,246.45,loyal
C0049,2023-12-10,370.65,champions
C0016,2024-02-03,382.92,champions
C0060,2023-07-06,363.24,champions
C0046,2024-02-13,282.89,champions
C0243,2023-03-23,34.9,lost
C0004,2023-08-01,448.97,champions
C0009,2023-12-06,179.83,champions
C0042,2024-02-29,394.27,champions
C0043,2024-01-20,494.05,champions
C0018,2024-03-13,343.85,champions
C0312,2022-10-26,10.46,lost
C0069,2024-02-22,230.15,loyal
C0070,2023-11-06,139.04,loyal
C0244,2023-08-31,27.94,lost
C0025,2023-10-11,149.44,champions
C0047,2024-01-25,496.25,champions
C0038,2023-10-14,466.96,champions
C0044,2023-11-16,150.07,champions
C0130,2024-01-08,237.53,loyal
C0066,2023-10-29,115.38,loyal
C0137,2023-12-05,209.02,loyal
C0064,2024-01-11,165.3,loyal
C0392,2024-03-18,42.57,new
C0035,2024-03-02,231.88,champions
C0397,2024-03-28,83.37,new
C0081,2024-02-28,217.39,loyal
C0211,2023-06-06,94.05,at_risk
C0048,2023-06-17,357.32,champions
C0318,2023-07-31,67.42,lost
C0302,2022-09-10,55.4,lost
C0176,2023-10-24,132.6,at_risk
C0027,2024-01-07,495.53,champions
C0040,2024-01-07,318.41,champions
C0071,2023-11-19,197.18,loyal
C0138,2024-01-11,163.86,loyal
C0020,2024-03-18,225.81,champions
C0063,2024-01-04,77.39,loyal
C0195,2023-05-31,87.4,at_risk
C0052,2023-10-18,399.09,champions
C0316,2023-05-30,58.41,lost
C0017,2023-08-12,141.04,champions
C0024,2023-11-15,433.14,champions
C0140,2024-02-04,234.54,loyal
C0009,2024-02-27,443.44,champions
C0038,2023-12-30,133.55,champions
C0007,2023-12-20,471.61,champions
C0366,2024-03-16,23.03,new
C0031,2024-03-18,162.23,champions
C0089,2024-01-13,158.27,loyal
C0135,2023-08-09,115.21,loyal
C0020,2024-01-22,349.05,champions
C0013,2023-07-31,478.42,champions
C0158,2023-09-19,134.66,at_risk
C0045,2023-11-08,262.44,champions
C0005,2024-02-14,125.61,champions
C0076,2024-02-14,75.71,loyal
C0001,2024-03-26,403.52,champions
C0025,2023-07-30,204.86,champions
C0101,2023-11-23,71.13,loyal
C0138,2023-08-30,173.41,loyal
C0214,2023-11-17,80.67,at_risk
C0234,2023-04-05,37.28,at_risk
C0110,2024-03-02,209.44,loyal
C0390,2024-03-17,28.47,new
C0074,2023-11-19,173.32,loyal
C0223,2023-07-24,68.94,at_risk
C0037,2024-03-01,264.34,champions
C0039,2024-03-05,352.78,champions
C0072,2024-02-04,188.66,loyal
C0100,2024-02-14,132.72,loyal
C0003,2024-03-01,161.14,champions
C0032,2024-03-04,478.13,champions
C0204,2023-10-24,134.19,at_risk
C0106,2023-12-22,199.08,loyal
C0076,2024-01-28,204.4,loyal
C0087,2023-12-31,161.91,loyal
C0224,2023-11-16,31.07,at_risk
C0054,2024-03-15,491.4,champions
C0052,2024-02-08,291.27,champions
C0118,2023-09-25,209.13,loyal
C0059,2023-10-28,366.7,champions
C0093,2023-09-25,60.28,loyal
C0050,2024-02-01,473.57,champions
C0017,2024-01-21,312.37,champions
C0127,2024-01-25,130.8,loyal
C0027,2023-10-29,488.44,champions
C0019,2023-11-25,172.6,champions
C0009,2023-08-12,239.86,champions
C0383,2024-03-26,26.24,new
C0116,2024-03-05,195.42,loyal
C0305,2023-07-29,36.64,lost
C0011,2023-12-10,369.12,champions
C0058,2024-02-28,305.13,champions
C0045,2023-11-16,196.7,champions
C0131,2023-06-03,187.58,loyal
C0298,2023-08-17,42.29,lost
C0044,2024-02-04,273.05,champions
C0115,2024-02-02,219.15,loyal
C0100,2023-10-04,227.73,loyal
C0012,2024-01-18,197.59,champions
C0080,2023-07-18,128.06,loyal
C0046,2024-01-20,391.0,champions
C0136,2023-11-25,202.1,loyal
C0062,2024-02-03,241.42,loyal
C0216,2023-11-13,62.66,at_risk
C0103,2024-02-05,124.74,loyal
C0134,2023-12-15,139.55,loyal
C0022,2024-02-01,492.33,champions
C0072,2023-08-12,135.16,loyal
C0015,2023-12-23,258.66,champions
C0113,2024-02-07,76.96,loyal
C0106,2024-01-09,124.21,loyal
C0044,2023-12-08,237.81,champions
C0150,2023-12-30,53.69,at_risk
C0015,2023-07-30,422.21,champions
C0215,2023-09-06,43.24,at_risk
C0233,2023-05-06,116.14,at_risk
C0391,2023-11-16,70.94,new
C0091,2023-11-24,129.16,loyal
C0057,2024-01-31,447.79,champions
C0051,2024-02-12,170.2,champions
C0168,2024-01-04,102.78,at_risk
C0100,2023-08-20,71.59,loyal
C0249,2023-05-22,62.34,lost
C0043,2023-11-28,278.04,champions
C0035,2023-11-04,485.76,champions
C0027,2024-01-01,246.93,champions
C0115,2024-01-17,202.3,loyal
C0242,2023-06-09,45.79,lost
C0258,2023-05-19,63.88,lost
C0100,2024-01-07,113.17,loyal
C0012,2024-03-03,411.37,champions
C0166,2024-01-02,105.54,at_risk
C0216,2023-09-11,89.04,at_risk
C0087,2023-12-01,75.66,loyal
C0053,2024-03-01,466.9,champions
C0070,2023-12-12,201.9,loyal
C0009,2024-01-23,452.57,champions
C0235,2023-05-03,41.65,at_risk
C0046,2023-12-07,120.46,champions
C0033,2024-03-18,398.32,champions
C0049,2024-03-14,408.47,champions
C0322,2024-03-15,80.48,new
C0095,2024-03-04,142.65,loyal
C0064,2023-12-01,86.38,loyal
C0112,2024-02-06,230.44,loyal
C0005,2024-03-06,180.46,champions
C0055,2023-09-10,322.34,champions
C0141,2023-09-09,39.88,at_risk
C0037,2024-02-17,450.56,champions
C0111,2024-03-09,88.43,loyal
C0382,2024-03-19,78.27,new
C0038,2023-11-18,440.47,champions
C0185,2023-08-22,51.0,at_risk
C0230,2023-10-29,92.89,at_risk
C0139,2024-01-05,159.83,loyal
C0005,2023-11-20,123.55,champions
C0034,2023-11-09,492.95,champions
C0108,2023-09-15,68.48,loyal
C0095,2024-01-12,161.83,loyal
C0069,2023-12-30,172.83,loyal
C0067,2023-11-01,65.11,loyal
C0006,2023-12-08,206.08,champions
C0102,2023-05-19,101.57,loyal
C0010,2024-03-01,240.46,champions
C0007,2024-01-28,473.3,champions
C0024,2024-01-16,342.83,champions
C0112,2024-02-28,191.2,loyal
C0103,2024-01-24,130.98,loyal
C0020,2024-03-11,181.42,champions
C0214,2023-03-22,126.91,at_risk
C0195,2023-10-11,36.5,at_risk
C0014,2024-02-18,294.26,champions
C0123,2023-05-14,183.6,loyal
C0169,2024-01-03,102.1,at_risk
C0254,2022-11-07,40.41,lost
C0045,2024-01-23,206.99,champions
C0058,2023-05-13,395.84,champions
C0193,2024-01-16,111.1,at_risk
C0181,2023-09-14,64.32,at_risk
C0182,2023-09-14,58.71,at_risk
C0070,2024-03-05,151.73,loyal
C0130,2023-12-06,225.19,loyal
C0355,2024-03-24,55.03,new
C0127,2023-11-08,119.41,loyal
C0195,2023-10-05,120.02,at_risk
C0340,2024-03-22,28.68,new
C0233,2023-08-29,100.84,at_risk
C0042,2024-02-09,262.48,champions
C0018,2024-03-27,263.41,champions
C0250,2023-10-31,64.42,lost
C0020,2023-09-12,105.47,champions
C0293,2023-08-31,38.34,lost
C0124,2023-12-12,192.09,loyal
C0085,2023-11-15,116.15,loyal
C0266,2023-08-30,42.55,lost
C0061,2024-03-15,171.54,loyal
C0297,2023-10-23,37.12,lost
C0025,2024-02-04,444.06,champions
C0018,2023-11-25,382.78,champions
C0082,2023-11-11,184.54,loyal
C0063,2023-10-25,144.5,loyal
C0127,2024-02-28,78.96,loyal
C0049,2024-01-25,239.52,champions
C0045,2024-02-24,163.23,champions
C0083,2024-01-06,125.28,loyal
C0130,2024-03-07,229.49,loyal
C0119,2023-12-20,139.89,loyal
C0012,2024-01-26,170.35,champions
C0057,2024-02-11,369.47,champions
C0017,2024-01-22,200.56,champions
C0135,2024-01-25,116.79,loyal
C0091,2023-07-16,200.73,loyal
C0015,2024-01-26,130.4,champions
C0315,2023-08-18,74.43,lost
C0114,2024-02-20,193.88,loyal
C0043,2024-02-26,441.13,champions
C0300,2023-04-04,41.62,lost
C0152,2023-10-13,30.58,at_risk
C0144,2023-04-14,37.59,at_risk
C0025,2024-03-13,450.58,champions
C0105,2023-12-09,228.06,loyal
C0284,2023-07-20,41.01,lost
C0009,2024-01-10,445.84,champions
C0022,2024-03-13,254.43,champions
C0062,2024-01-12,208.87,loyal
C0203,2023-09-22,72.61,at_risk
C0003,2024-02-25,315.59,champions
C0002,2023-12-24,465.25,champions
C0021,2023-10-21,446.1,champions
C0124,2023-07-23,61.77,loyal
C0038,2024-02-13,407.78,champions
C0039,2023-12-06,125.12,champions
C0018,2024-03-18,424.46,champions
C0112,2024-03-11,124.19,loyal
C0087,2024-03-12,109.82,loyal
C0139,2023-11-24,240.56,loyal
C0019,2023-12-14,132.18,champions
C0118,2023-12-07,115.82,loyal
C0143,2023-10-19,36.51,at_risk
C0123,2023-04-11,108.6,loyal
C0017,2023-10-18,338.72,champions
C0024,2024-01-23,136.05,champions
C0138,2024-01-12,115.89,loyal
C0196,2023-08-02,92.18,at_risk
C0045,2023-12-21,318.23,champions
C0372,2023-10-03,79.1,new
C0083,2024-02-02,61.76,loyal
C0059,2023-12-04,176.77,champions
C0126,2024-03-06,164.15,loyal
C0138,2023-12-21,97.33,loyal
C0024,2024-03-01,376.13,champions
C0016,2023-11-15,207.36,champions
C0273,2023-08-04,53.77,lost
C0115,2024-02-08,126.45,loyal
C0058,2024-01-28,404.65,champions
C0078,2023-10-19,110.8,loyal
C0029,2023-10-26,481.44,champions
C0107,2024-01-19,137.76,loyal
C0087,2024-03-09,235.29,loyal
C0308,2023-08-05,30.21,lost
C0001,2024-02-05,340.81,champions
C0115,2023-09-05,157.52,loyal
C0044,2023-07-23,190.19,champions
C0066,2023-11-26,245.1,loyal
C0319,2023-08-20,19.42,lost
C0005,2023-06-12,139.37,champions
C0081,2024-02-17,167.57,loyal
C0086,2024-02-28,247.51,loyal
C0106,2024-01-03,183.68,loyal
C0086,2024-03-01,181.24,loyal
C0228,2023-11-21,95.13,at_risk
C0042,2023-12-28,113.92,champions
C0132,2023-09-15,243.24,loyal
C0206,2023-03-21,60.2,at_risk
C0050,2023-11-15,123.67,champions
C0247,2023-06-03,31.03,lost
C0239,2023-07-22,103.01,at_risk
C0010,2024-03-02,383.51,champions
C0256,2023-01-03,32.64,lost
C0271,2023-10-23,74.56,lost
C0041,2024-03-03,390.83,champions
C0046,2024-01-31,151.47,champions
C0264,2023-05-10,58.65,lost
C0154,2023-12-01,83.44,at_risk
C0026,2024-03-06,221.75,champions
C0003,2023-07-14,343.59,champions
C0041,2024-03-16,473.35,champions
C0079,2024-03-01,107.44,loyal
C0030,2023-12-13,209.31,champions
C0349,2024-03-20,108.92,new
C0225,2023-11-04,48.6,at_risk
C0082,2024-03-11,128.48,loyal
C0020,2024-01-15,284.79,champions
C0288,2023-09-29,69.23,lost
C0022,2024-03-01,440.71,champions
C0255,2023-02-20,49.99,lost
C0170,2023-12-29,116.9,at_risk
C0024,2024-01-04,410.3,champions
C0039,2023-11-12,417.56,champions
C0001,2023-12-15,138.69,champions
C0210,2023-12-02,147.0,at_risk
C0103,2023-12-27,71.32,loyal
C0254,2023-04-26,48.37,lost
C0205,2023-09-22,57.39,at_risk
C0013,2024-02-10,280.03,champions
C0073,2024-01-10,109.85,loyal
C0135,2023-12-10,164.08,loyal
C0030,2024-02-26,264.32,champions
C0038,2023-10-10,121.3,champions
C0054,2023-06-11,381.31,champions
C0123,2024-01-03,100.13,loyal
C0023,2024-03-21,404.15,champions
C0393,2024-03-23,70.17,new
C0004,2024-02-29,467.4,champions
C0273,2023-02-15,29.31,lost
C0070,2024-02-19,182.88,loyal
C0330,2024-03-21,75.0,new
C0373,2024-03-12,74.45,new
C0036,2023-11-26,479.07,champions
C0114,2024-03-14,69.61,loyal
C0035,2023-06-05,379.39,champions
C0014,2024-01-10,325.59,champions
C0311,2023-05-31,26.65,lost
C0023,2023-09-19,355.16,champions
C0169,2023-09-26,128.45,at_risk
C0253,2023-01-19,15.78,lost
C0054,2024-01-28,257.22,champions
C0093,2023-12-11,88.61,loyal
C0116,2024-01-26,147.21,loyal
C0037,2023-09-22,344.24,champions
C0053,2023-11-28,182.16,champions
C0101,2023-08-29,160.59,loyal
C0172,2023-07-23,107.91,at_risk
C0117,2023-12-13,230.94,loyal
C0024,2023-10-21,411.32,champions
C0175,2023-12-10,52.68,at_risk
C0172,2023-11-15,129.3,at_risk
C0239,2023-10-21,148.98,at_risk
C0091,2024-03-06,89.89,loyal
C0144,2023-07-04,30.71,at_risk
C0011,2024-02-23,346.21,champions
C0250,2023-05-06,12.88,lost
C0131,2024-01-30,246.33,loyal
C0042,2023-08-26,279.97,champions
C0077,2024-02-23,143.42,loyal
C0333,2023-11-13,35.54,new
C0059,2024-03-02,496.13,champions
C0243,2023-04-24,28.55,lost
C0087,2024-01-22,156.26,loyal
C0230,2023-10-12,103.56,at_risk
C0060,2023-11-22,438.13,champions
C0022,2024-03-13,346.98,champions
C0130,2024-02-08,70.37,loyal
C0049,2023-12-18,427.35,champions
C0024,2024-02-04,328.77,champions
C0200,2023-08-06,46.14,at_risk
C0058,2023-11-07,327.92,champions
C0073,2023-09-13,176.15,loyal
C0052,2024-02-12,243.82,champions
C0013,2024-02-29,278.37,champions
C0049,2024-01-17,143.69,champions
C0057,2024-01-20,484.83,champions
C0147,2023-06-19,46.96,at_risk
C0115,2024-01-05,222.23,loyal
C0280,2023-09-28,58.2,lost
C0039,2024-01-04,365.75,champions
C0009,2024-03-06,171.74,champions
C0072,2023-10-09,104.05,loyal
C0086,2024-02-24,160.37,loyal
C0091,2024-01-28,94.0,loyal
C0041,2024-02-26,259.29,champions
C0007,2024-03-06,162.97,champions
C0291,2023-08-25,25.58,lost
C0122,2023-09-15,118.16,loyal
C0239,2023-08-23,121.7,at_risk
C0009,2024-02-27,461.57,champions
C0006,2024-02-14,139.16,champions
C0100,2024-01-26,92.83,loyal
C0048,2024-03-05,264.15,champions
C0005,2024-02-10,359.95,champions
C0069,2023-10-01,91.6,loyal
C0228,2023-10-02,52.77,at_risk
C0386,2024-03-18,58.16,new
C0112,2023-10-17,111.19,loyal
C0309,2023-09-12,53.58,lost
C0024,2024-01-31,351.3,champions
C0121,2023-08-25,132.83,loyal
C0014,2023-11-13,110.84,champions
C0139,2024-01-16,126.39,loyal
C0016,2023-11-16,197.55,champions
C0091,2024-03-04,106.46,loyal
C0004,2024-01-23,195.78,champions
C0314,2023-10-24,69.77,lost
C0042,2023-12-09,479.79,champions
C0044,2024-03-05,151.91,champions
C0056,2024-03-19,368.54,champions
C0248,2023-04-10,36.71,lost
C0046,2024-02-24,186.06,champions
C0030,2024-01-14,447.24,champions
C0179,2023-07-29,30.63,at_risk
C0003,2023-12-23,252.65,champions
C0018,2023-11-19,415.13,champions
C0015,2023-12-30,140.76,champions
C0318,2023-04-13,69.03,lost
C0138,2023-12-27,199.67,loyal
C0269,2023-06-25,16.97,lost
C0022,2023-07-18,443.74,champions
C0060,2024-02-22,457.92,champions
C0077,2024-01-06,209.12,loyal
C0024,2023-12-03,187.6,champions
C0180,2024-01-03,39.6,at_risk
C0070,2024-01-27,80.13,loyal
C0027,2023-12-22,231.42,champions
C0161,2023-12-29,95.32,at_risk
C0230,2023-09-16,128.29,at_risk
C0019,2023-07-12,276.89,champions
C0169,2023-11-02,104.79,at_risk
C0208,2023-02-27,141.79,at_risk
C0031,2024-03-17,362.94,champions
C0160,2023-12-13,140.15,at_risk
C0043,2023-07-28,110.51,champions
C0087,2023-10-05,162.15,loyal
C0335,2024-03-14,76.49,new
C0015,2023-12-02,440.12,champions
C0023,2024-02-17,166.55,champions
C0015,2024-02-28,331.47,champions
C0046,2024-03-08,298.95,champions
C0163,2023-09-22,39.25,at_risk
C0110,2024-02-15,83.98,loyal
C0052,2024-02-29,124.85,champions
C0006,2023-08-12,482.93,champions
C0331,2024-03-20,92.44,new
C0057,2024-03-19,314.25,champions
C0317,2023-08-18,63.8,lost
C0244,2023-04-17,49.83,lost
C0345,2024-03-15,51.04,new
C0067,2024-01-24,215.6,loyal
C0025,2023-12-02,105.57,champions
C0358,2024-03-06,67.07,new
C0140,2024-01-26,233.15,loyal
C0020,2024-01-11,275.25,champions
C0109,2023-10-27,168.82,loyal
C0176,2023-08-09,97.76,at_risk
C0018,2024-03-01,479.04,champions
C0302,2023-04-19,27.51,lost
C0081,2024-02-19,78.92,loyal
C0065,2024-01-01,146.99,loyal
C0124,2023-05-13,175.07,loyal
C0018,2024-03-27,260.28,champions
C0237,2023-11-21,79.82,at_risk
C0170,2023-11-15,43.03,at_risk
C0167,2024-01-08,144.99,at_risk
C0051,2024-03-06,105.63,champions
C0190,2023-12-26,77.87,at_risk
C0024,2024-01-31,142.66,champions
C0090,2024-03-15,213.35,loyal
C0189,2023-12-22,144.65,at_risk
C0122,2024-02-12,179.07,loyal
C0030,2024-02-06,240.05,champions
C0189,2023-04-28,129.86,at_risk
C0073,2023-09-16,160.27,loyal
C0204,2023-09-12,105.81,at_risk
C0029,2024-02-07,312.22,champions
C0197,2023-10-11,95.83,at_risk
C0029,2023-11-21,360.37,champions
C0214,2023-09-17,91.99,at_risk
C0135,2024-02-08,228.42,loyal
C0034,2024-01-26,352.55,champions
C0186,2023-10-30,126.35,at_risk
C0042,2023-06-12,147.1,champions
C0047,2024-02-08,155.91,champions
C0053,2024-02-27,124.7,champions
C0323,2024-03-17,104.78,new
C0200,2024-01-05,51.19,at_risk
C0343,2024-03-24,64.38,new
C0032,2023-07-11,284.04,champions
C0059,2024-03-19,300.89,champions
C0010,2024-03-16,486.76,champions
C0119,2023-08-28,115.87,loyal
C0084,2024-02-23,179.34,loyal
C0009,2023-06-07,143.24,champions
C0064,2023-09-22,111.0,loyal
C0113,2023-07-24,156.29,loyal
C0040,2024-01-28,153.36,champions
C0392,2023-12-01,80.46,new
C0028,2023-09-03,384.96,champions
C0337,2024-03-28,48.05,new
C0197,2023-11-18,69.05,at_risk
C0142,2023-10-01,94.53,at_risk
C0155,2024-01-14,53.57,at_risk
C0053,2023-10-26,123.09,champions
C0229,2023-11-22,38.27,at_risk
C0148,2023-12-12,95.7,at_risk
C0233,2023-11-04,141.63,at_risk
C0105,2024-02-05,79.78,loyal
C0197,2023-09-17,133.42,at_risk
C0110,2023-10-22,88.1,loyal
C0029,2024-02-20,230.07,champions
C0062,2023-05-20,116.12,loyal
C0017,2024-03-01,261.76,champions
C0033,2024-03-09,233.23,champions
C0074,2024-02-20,119.51,loyal
C0219,2023-06-06,51.79,at_risk
C0049,2024-02-12,216.18,champions
C0236,2023-11-24,52.74,at_risk
C0019,2023-10-11,228.42,champions
C0130,2023-12-08,69.57,loyal
C0125,2023-12-24,207.81,loyal
C0245,2023-04-29,60.65,lost
C0048,2023-11-21,310.19,champions
C0010,2024-01-19,115.3,champions
C0057,2023-06-02,341.76,champions
C0133,2024-02-16,165.11,loyal
C0151,2023-12-17,110.56,at_risk
C0257,2023-10-11,57.02,lost
C0100,2023-09-23,177.23,loyal
C0030,2023-05-06,206.98,champions
C0003,2024-03-18,283.54,champions
C0059,2024-01-06,124.18,champions
C0046,2023-11-17,301.7,champions
C0079,2024-01-31,136.54,loyal
C0002,2023-10-21,207.1,champions
C0234,2023-10-27,86.17,at_risk
C0042,2024-02-28,194.4,champions
C0307,2023-09-22,22.52,lost
C0057,2024-03-12,175.27,champions
C0042,2024-03-03,342.04,champions
C0072,2023-10-03,179.65,loyal
C0222,2023-09-16,87.75,at_risk
C0310,2023-10-30,44.83,lost
C0031,2023-09-13,145.53,champions
C0053,2023-09-02,129.21,champions
C0002,2024-03-09,422.02,champions
C0264,2023-06-15,53.61,lost
C0032,2024-02-02,274.68,champions
C0012,2024-03-25,282.17,champions
C0029,2023-11-26,366.04,champions
C0007,2024-02-23,261.51,champions
C0126,2023-09-26,187.11,loyal
C0009,2024-02-18,333.0,champions
C0059,2023-06-17,369.61,champions
C0102,2023-11-21,120.42,loyal
C0070,2023-10-19,102.0,loyal
C0022,2024-01-07,235.42,champions
C0023,2023-08-11,460.48,champions
C0023,2024-02-29,343.8,champions
C0073,2024-01-31,169.7,loyal
C0006,2024-03-15,487.6,champions
C0399,2023-10-22,93.38,new
C0131,2023-08-20,166.84,loyal
C0136,2023-11-26,114.33,loyal
C0034,2024-03-06,279.56,champions
C0113,2024-01-18,100.16,loyal
C0010,2024-01-29,171.43,champions
C0038,2024-02-13,384.56,champions
C0033,2023-12-22,177.56,champions
C0065,2024-03-12,142.59,loyal
C0303,2022-08-16,41.46,lost
C0003,2023-12-23,338.56,champions
C0394,2024-03-29,76.81,new
C0089,2023-11-18,199.26,loyal
C0229,2023-11-09,83.93,at_risk
C0200,2023-04-24,92.04,at_risk
C0013,2023-10-22,124.91,champions
C0333,2024-03-15,84.57,new
C0110,2023-08-11,147.05,loyal
C0003,2023-11-25,311.65,champions
C0006,2023-11-20,187.08,champions
C0031,2024-03-04,250.48,champions
C0027,2024-02-28,414.72,champions
C0134,2023-12-09,111.98,loyal
C0222,2023-12-16,119.37,at_risk
C0395,2023-11-15,118.36,new
C0063,2023-11-18,120.17,loyal
C0038,2024-02-08,301.16,champions
C0156,2023-11-18,122.3,at_risk
C0049,2024-02-10,215.12,champions
C0025,2024-03-03,465.62,champions
C0149,2023-06-11,38.78,at_risk
C0006,2024-01-21,499.71,champions
C0312,2023-03-04,15.56,lost
C0016,2024-02-02,346.36,champions
C0056,2024-01-27,220.29,champions
C0227,2023-11-02,60.08,at_risk
C0046,2023-09-17,211.89,champions
C0057,2023-09-16,465.78,champions
C0209,2023-11-01,33.43,at_risk
C0133,2024-02-19,100.96,loyal
C0113,2024-01-02,72.47,loyal
C0124,2024-02-05,185.77,loyal
C0104,2023-05-20,240.25,loyal
C0381,2023-09-30,50.46,new
C0145,2023-08-04,66.16,at_risk
C0188,2023-09-14,38.11,at_risk
C0104,2023-11-12,209.53,loyal
C0048,2023-12-11,182.94,champions
C0148,2023-10-15,55.41,at_risk
C0158,2023-11-21,118.31,at_risk
C0179,2023-10-22,128.79,at_risk
C0107,2024-02-05,122.91,loyal
C0043,2024-01-05,367.14,champions
C0112,2024-03-14,229.02,loyal
C0016,2024-02-01,196.54,champions
C0276,2023-07-25,19.61,lost
C0106,2024-02-21,163.74,loyal
C0098,2023-12-31,130.73,loyal
C0285,2023-09-25,17.47,lost
C0055,2024-02-22,494.28,champions
C0141,2023-12-05,35.26,at_risk
C0124,2024-02-01,191.05,loyal
C0004,2024-03-18,144.75,champions
C0045,2023-09-27,445.67,champions
C0044,2023-10-14,161.21,champions
C0038,2024-03-02,247.14,champions
C0030,2023-10-11,438.06,champions
C0045,2024-02-18,360.45,champions
C0038,2023-12-26,426.68,champions
C0270,2023-06-19,23.05,lost
C0043,2024-02-23,424.21,champions
C0233,2023-10-29,73.96,at_risk
C0350,2024-03-14,94.56,new
C0002,2024-01-24,495.81,champions
C0140,2023-08-16,197.56,loyal
C0339,2024-03-21,105.78,new
C0157,2023-07-09,58.67,at_risk
C0167,2023-07-29,32.23,at_risk
C0053,2023-05-13,485.51,champions
C0025,2024-03-25,152.86,champions
C0050,2024-01-14,290.98,champions
C0048,2023-07-09,408.8,champions
C0049,2024-02-26,238.55,champions
C0073,2023-11-09,95.52,loyal
C0028,2024-02-02,478.17,champions
C0019,2023-08-08,428.57,champions
C0369,2024-03-20,84.95,new
C0101,2023-12-01,111.38,loyal
C0049,2024-03-22,219.4,champions
C0095,2024-02-22,104.99,loyal
C0115,2023-04-24,61.69,loyal
C0141,2023-10-11,53.1,at_risk
C0073,2024-01-16,202.94,loyal
C0155,2023-07-04,105.8,at_risk
C0093,2023-05-19,226.67,loyal
C0122,2023-08-10,198.29,loyal
C0064,2023-11-20,168.67,loyal
C0064,2024-02-08,115.45,loyal
C0285,2023-08-09,11.83,lost
C0015,2023-05-05,248.23,champions
C0031,2023-06-07,371.39,champions
C0076,2024-01-12,168.82,loyal
C0060,2023-12-27,471.51,champions
C0038,2023-10-18,158.94,champions
C0017,2023-08-05,291.49,champions
C0003,2024-02-18,416.83,champions
C0076,2023-12-27,91.96,loyal
C0049,2023-10-15,362.39,champions
C0229,2023-04-19,90.71,at_risk
C0136,2023-12-19,194.92,loyal
C0088,2023-07-26,70.46,loyal
C0010,2023-10-07,146.26,champions
C0003,2024-02-13,372.68,champions
C0014,2024-02-19,436.2,champions
C0134,2023-09-13,234.02,loyal
C0022,2024-03-13,300.92,champions
C0049,2023-12-27,482.13,champions
C0138,2023-10-07,113.03,loyal
C0024,2024-03-07,499.75,champions
C0013,2024-02-19,435.95,champions
C0221,2023-11-26,147.85,at_risk
C0045,2024-01-17,236.08,champions
C0095,2024-01-28,221.67,loyal
C0212,2023-11-12,71.27,at_risk
C0148,2023-10-25,49.31,at_risk
C0050,2023-07-25,142.92,champions
C0048,2024-03-26,176.31,champions
C0209,2023-11-28,45.75,at_risk
C0158,2024-01-09,143.85,at_risk
C0274,2023-05-26,71.51,lost
C0295,2022-12-18,67.89,lost
C0135,2023-11-12,235.03,loyal
C0213,2023-10-18,125.76,at_risk
C0069,2023-12-08,184.94,loyal
C0273,2023-06-25,79.72,lost
C0100,2023-08-04,97.9,loyal
C0129,2023-09-20,225.9,loyal
C0396,2023-10-12,28.84,new
C0059,2024-02-12,309.75,champions
C0136,2024-01-30,191.21,loyal
C0187,2023-09-29,145.93,at_risk
C0083,2023-11-19,76.97,loyal
C0134,2024-01-22,155.78,loyal
C0027,2024-03-11,475.62,champions
C0049,2023-08-09,208.45,champions
C0381,2024-03-21,99.43,new
C0042,2023-08-31,246.78,champions
C0215,2023-12-26,119.15,at_risk
C0022,2023-12-19,106.14,champions
C0398,2024-03-20,97.85,new
C0040,2023-07-14,291.41,champions
C0109,2023-10-28,190.54,loyal
C0060,2024-03-22,131.61,champions
C0019,2023-09-10,434.38,champions
C0032,2023-05-29,260.18,champions
C0019,2024-03-04,455.77,champions
C0035,2023-09-06,151.58,champions
C0007,2024-03-05,127.41,champions
C0375,2024-03-20,29.77,new
C0089,2024-01-28,202.46,loyal
C0010,2023-05-02,178.81,champions
C0059,2023-11-15,104.74,champions
C0079,2023-10-26,145.88,loyal
C0040,2024-03-19,237.92,champions
C0039,2023-10-08,196.78,champions
C0014,2023-12-10,435.69,champions
C0137,2023-09-13,68.93,loyal
C0009,2024-02-29,271.91,champions
C0076,2024-02-13,211.22,loyal
C0072,2023-11-30,181.69,loyal
C0379,2024-03-26,73.13,new
C0044,2024-01-31,429.34,champions
C0039,2023-12-21,328.27,champions
C0363,2023-10-15,91.02,new
C0074,2023-07-17,114.88,loyal
C0048,2023-05-22,205.74,champions
C0075,2023-12-03,243.13,loyal
C0132,2023-12-29,81.66,loyal
C0017,2023-09-28,173.75,champions
C0036,2024-01-28,480.47,champions
C0076,2023-10-11,164.45,loyal
C0178,2023-08-03,124.33,at_risk
C0129,2024-01-22,245.8,loyal
C0113,2023-07-28,227.07,loyal
C0354,2024-03-25,31.45,new
C0126,2024-01-21,231.91,loyal
C0018,2023-09-18,130.03,champions
C0043,2024-02-20,214.23,champions
C0120,2023-11-25,208.0,loyal
C0376,2023-10-28,97.13,new
C0116,2024-02-06,148.67,loyal
C0054,2023-11-26,315.9,champions
C0021,2023-08-17,250.88,champions
C0174,2023-11-15,63.99,at_risk
C0109,2024-02-18,78.37,loyal
C0206,2023-10-31,79.68,at_risk
C0128,2023-11-02,198.02,loyal
C0178,2023-12-22,83.59,at_risk
C0139,2024-02-06,117.22,loyal
C0045,2024-01-27,404.27,champions
C0027,2024-01-28,356.68,champions
C0038,2023-08-30,249.58,champions
C0012,2023-12-20,253.59,champions
C0049,2024-01-19,295.6,champions
C0031,2023-11-02,118.17,champions
C0161,2023-04-23,137.79,at_risk
C0004,2023-09-01,485.75,champions
C0147,2023-12-23,96.42,at_risk
C0055,2023-11-02,188.42,champions
C0027,2024-01-12,495.01,champions
C0081,2024-02-28,248.45,loyal
C0136,2024-02-13,166.83,loyal
C0094,2024-03-04,244.79,loyal
C0203,2024-01-16,134.08,at_risk
C0328,2023-10-18,41.23,new
C0167,2023-10-24,146.31,at_risk
C0151,2023-11-17,42.01,at_risk
C0251,2023-06-11,32.88,lost
C0122,2024-01-24,216.53,loyal
C0030,2023-12-09,329.64,champions
C0094,2024-03-10,160.66,loyal
C0011,2023-12-09,422.63,champions
C0041,2024-02-12,289.36,champions
C0022,2024-03-29,397.88,champions
C0051,2024-03-20,392.45,champions
C0118,2023-12-29,215.04,loyal
C0042,2024-02-14,329.57,champions
C0038,2024-02-24,356.47,champions
C0034,2024-02-05,301.82,champions
C0108,2024-03-04,64.89,loyal
C0018,2024-03-26,330.81,champions
C0011,2024-01-22,262.43,champions
C0075,2023-12-17,85.94,loyal
C0206,2023-12-16,92.51,at_risk
C0018,2023-11-28,496.01,champions
C0059,2023-09-25,295.14,champions
C0133,2024-03-04,82.94,loyal
C0036,2023-12-22,303.4,champions
C0047,2024-03-02,342.5,champions
C0344,2024-03-15,35.41,new
C0200,2023-12-22,86.76,at_risk
C0388,2023-09-30,32.55,new
C0020,2024-03-14,489.26,champions
C0119,2023-06-03,170.88,loyal
C0085,2023-10-29,154.03,loyal
C0001,2023-12-30,380.53,champions
C0053,2023-11-13,201.78,champions
C0092,2023-09-08,224.55,loyal
C0017,2023-11-20,480.35,champions
C0027,2024-01-15,210.35,champions
C0018,2024-02-23,374.95,champions
C0083,2023-12-17,181.9,loyal
C0297,2023-07-08,77.38,lost
C0052,2023-11-22,372.14,champions
C0001,2023-09-28,211.19,champions
C0127,2023-10-05,241.47,loyal
C0058,2024-03-15,204.31,champions
C0105,2023-07-13,72.88,loyal
C0010,2023-12-19,274.56,champions
C0320,2023-06-14,52.84,lost
C0220,2023-08-23,59.66,at_risk
C0050,2024-02-20,402.36,champions
C0023,2024-03-15,217.35,champions
C0218,2023-12-14,71.03,at_risk
C0087,2024-03-12,171.6,loyal
C0368,2024-03-14,60.57,new
C0050,2024-03-23,120.31,champions
C0147,2023-12-25,47.29,at_risk
C0177,2023-11-09,87.9,at_risk
C0034,2023-10-02,360.73,champions
C0034,2024-02-05,336.57,champions
C0252,2023-07-11,50.27,lost
C0026,2024-01-05,454.17,champions
C0091,2024-01-17,197.33,loyal
C0129,2023-05-04,188.5,loyal
C0292,2023-06-30,70.7,lost
C0009,2023-11-24,412.95,champions
C0203,2023-08-04,50.94,at_risk
C0034,2023-10-21,321.73,champions
C0141,2023-11-11,50.09,at_risk
C0151,2023-10-04,68.13,at_risk
C0234,2023-11-09,141.41,at_risk
C0120,2024-02-13,224.82,loyal
C0059,2024-02-13,302.29,champions
C0019,2023-08-17,239.18,champions
C0060,2024-03-08,191.91,champions
C0013,2024-02-05,209.84,champions
C0284,2023-02-07,75.33,lost
C0010,2024-01-10,232.46,champions
C0092,2023-10-04,122.19,loyal
C0001,2023-12-13,431.76,champions
C0074,2024-01-31,118.02,loyal
C0029,2023-12-03,145.77,champions
C0376,2024-03-28,30.87,new
C0005,2024-02-01,148.4,champions
C0179,2023-11-14,112.15,at_risk
C0121,2023-10-18,180.36,loyal
C0012,2024-02-11,282.58,champions
C0046,2023-10-08,215.44,champions
C0006,2023-11-09,214.1,champions
C0190,2023-10-29,39.12,at_risk
C0050,2024-01-20,440.42,champions
C0073,2024-02-08,133.88,loyal
C0101,2024-02-23,120.59,loyal
C0256,2023-05-17,28.64,lost
C0011,2024-03-28,221.55,champions
C0338,2024-03-13,77.1,new
C0171,2023-09-16,41.18,at_risk
C0144,2023-09-25,110.8,at_risk
C0093,2024-01-09,199.17,loyal
C0048,2024-03-29,479.28,champions
C0211,2023-11-16,105.73,at_risk
C0002,2024-01-20,373.85,champions
C0008,2024-02-19,208.94,champions
C0011,2023-07-05,347.7,champions
C0099,2023-07-15,142.3,loyal
C0094,2024-02-15,195.21,loyal
C0180,2023-12-30,116.94,at_risk
C0042,2023-11-11,359.82,champions
C0008,2023-12-22,184.25,champions
C0013,2023-07-10,252.15,champions
C0020,2024-03-21,363.06,champions
C0013,2024-01-04,457.21,champions
C0029,2024-01-25,397.84,champions
C0021,2023-05-06,195.52,champions
C0132,2023-08-17,80.32,loyal
C0014,2023-06-20,116.1,champions
C0157,2023-10-24,90.26,at_risk
C0111,2023-12-20,226.8,loyal
C0013,2023-10-11,255.79,champions
C0207,2023-12-12,37.66,at_risk
C0012,2024-03-13,322.96,champions
C0104,2023-05-18,66.15,loyal
C0090,2023-09-28,146.49,loyal
C0246,2023-03-27,59.2,lost
C0029,2024-02-11,225.02,champions
C0082,2023-07-15,78.08,loyal
C0147,2023-12-08,30.6,at_risk
C0033,2023-10-05,426.01,champions
C0139,2023-04-25,61.67,loyal
C0052,2024-02-27,262.17,champions
C0060,2024-01-03,403.83,champions
C0117,2023-10-20,189.34,loyal
C0044,2024-02-20,432.56,champions
C0105,2024-01-10,91.9,loyal
C0301,2023-05-08,19.47,lost
C0216,2023-11-05,52.31,at_risk
C0079,2024-03-13,224.74,loyal
C0030,2024-02-14,331.17,champions
C0034,2024-01-21,302.93,champions
C0047,2023-11-09,333.48,champions
C0288,2023-06-01,59.84,lost
C0124,2024-01-13,163.98,loyal
C0178,2024-01-14,44.29,at_risk
C0105,2023-12-02,144.86,loyal
C0012,2023-11-08,375.05,champions
C0007,2023-10-20,472.7,champions
C0157,2023-12-25,85.76,at_risk
C0045,2023-12-26,425.39,champions
C0042,2024-03-11,209.82,champions
C0012,2024-03-13,344.51,champions
C0102,2024-01-22,70.67,loyal
C0093,2024-01-24,200.52,loyal
C0081,2023-12-28,209.78,loyal
C0054,2024-03-13,196.27,champions
C0083,2023-12-15,191.87,loyal
C0053,2024-02-15,329.08,champions
C0181,2023-10-04,141.69,at_risk
C0052,2024-01-18,187.65,champions
C0360,2024-03-18,90.47,new
C0144,2023-11-25,105.63,at_risk
C0334,2024-03-13,66.25,new
C0062,2023-11-01,142.05,loyal
C0055,2024-01-14,350.4,champions
C0119,2024-01-22,184.34,loyal
C0147,2023-09-06,74.78,at_risk
C0018,2024-02-05,195.95,champions
C0107,2024-01-18,69.43,loyal
C0021,2024-03-04,445.61,champions
C0050,2024-03-11,102.07,champions
C0016,2024-02-18,354.23,champions
C0020,2023-11-11,303.55,champions
C0011,2024-03-28,468.31,champions
C0136,2023-10-08,98.76,loyal
C0122,2024-02-12,63.4,loyal
C0124,2024-02-06,172.85,loyal
C0205,2023-08-30,108.36,at_risk
C0041,2023-11-13,246.94,champions
C0048,2024-03-03,225.48,champions
C0098,2024-03-08,62.27,loyal
C0037,2023-10-19,423.62,champions
C0027,2023-12-23,243.47,champions
C0051,2024-02-22,260.33,champions
C0014,2023-11-05,271.45,champions
C0232,2023-12-12,33.82,at_risk
C0014,2023-05-28,160.95,champions
C0268,2023-05-15,30.47,lost
C0218,2024-01-20,31.77,at_risk
C0325,2024-01-16,90.86,new
C0053,2023-12-04,278.19,champions
C0010,2024-01-30,259.87,champions
C0035,2023-10-27,224.09,champions
C0078,2024-02-21,121.49,loyal
C0080,2024-01-17,198.88,loyal
C0077,2023-09-01,190.94,loyal
C0025,2023-06-24,453.69,champions
C0175,2023-10-11,119.24,at_risk
C0102,2023-08-24,126.82,loyal
C0077,2024-01-04,99.88,loyal
C0109,2023-12-27,150.49,loyal
C0106,2023-07-03,238.95,loyal
C0217,2023-09-05,117.25,at_risk
C0138,2024-01-31,183.05,loyal
C0163,2023-12-18,125.12,at_risk
C0054,2024-03-18,373.09,champions
C0279,2023-06-07,57.88,lost
C0092,2024-01-29,102.41,loyal
C0060,2024-03-12,354.7,champions
C0166,2023-12-02,101.08,at_risk
C0094,2023-10-15,147.11,loyal
C0018,2024-02-05,342.53,champions
C0065,2024-01-13,117.89,loyal
C0371,2024-03-13,117.39,new
C0019,2024-02-23,189.92,champions
C0385,2023-10-31,59.43,new
C0008,2024-03-02,205.79,champions
C0127,2024-02-14,226.09,loyal
C0068,2024-02-05,105.98,loyal
C0302,2023-05-04,71.78,lost
C0028,2024-02-16,310.43,champions
C0211,2023-07-21,87.8,at_risk
C0195,2023-09-28,63.63,at_risk
C0235,2023-12-09,125.31,at_risk
C0130,2023-12-28,221.28,loyal
C0164,2023-07-29,127.34,at_risk
C0067,2023-10-26,239.17,loyal
C0182,2023-11-14,147.08,at_risk
C0035,2023-10-17,449.31,champions
C0210,2023-07-15,83.38,at_risk
C0005,2024-01-18,199.46,champions
C0016,2023-11-18,322.32,champions
C0034,2023-09-19,467.17,champions
C0014,2023-12-26,110.79,champions
C0079,2024-01-28,204.68,loyal
C0115,2023-11-30,111.13,loyal
C0045,2023-06-07,388.45,champions
C0238,2023-09-28,96.0,at_risk
C0015,2024-02-07,485.49,champions
C0217,2023-12-26,45.0,at_risk
C0058,2023-10-26,202.93,champions
C0016,2023-07-20,380.47,champions
C0024,2023-11-12,415.44,champions
C0109,2024-02-14,135.01,loyal
C0002,2024-02-21,284.9,champions
C0138,2023-04-16,238.12,loyal
C0087,2023-11-15,75.01,loyal
C0050,2023-06-16,317.32,champions
C0037,2024-01-29,388.47,champions
C0208,2023-11-06,42.47,at_risk
C0105,2023-10-01,181.43,loyal
C0079,2024-02-03,169.71,loyal
C0133,2023-10-06,241.68,loyal
C0230,2023-06-30,121.89,at_risk
C0051,2024-02-10,416.31,champions
C0281,2023-09-05,55.94,lost
C0131,2023-12-03,138.34,loyal
C0085,2024-02-03,99.03,loyal
C0014,2024-02-12,234.45,champions
C0135,2023-06-06,245.28,loyal
C0181,2023-12-18,31.29,at_risk
C0022,2023-12-06,352.46,champions
C0006,2024-02-12,166.52,champions
C0048,2023-10-29,464.85,champions
C0300,2022-11-27,17.92,lost
C0383,2023-11-07,116.79,new
C0107,2023-04-08,178.77,loyal
C0058,2024-02-07,286.4,champions
C0024,2024-03-25,276.69,champions
C0128,2023-09-30,151.71,loyal
C0060,2023-10-02,413.75,champions
C0356,2024-03-22,114.33,new
C0030,2024-03-05,322.55,champions
C0001,2023-12-18,211.28,champions
C0005,2023-12-08,314.51,champions
C0045,2024-03-07,132.49,champions
C0124,2023-12-04,139.58,loyal
C0136,2024-01-17,168.42,loyal
C0061,2023-10-29,123.03,loyal
C0060,2023-11-21,459.72,champions
C0009,2024-02-18,114.41,champions
C0282,2023-10-16,47.31,lost
C0058,2023-10-13,331.66,champions
C0094,2024-02-19,68.34,loyal
C0037,2024-01-15,161.7,champions
C0039,2023-08-04,321.66,champions
C0026,2024-03-01,155.91,champions
C0124,2023-10-18,193.35,loyal
C0034,2024-01-14,130.69,champions
C0107,2024-01-15,89.85,loyal
C0054,2024-02-16,433.93,champions
C0105,2023-12-10,99.84,loyal
C0001,2023-12-11,446.59,champions
C0017,2023-06-09,477.64,champions
C0314,2023-05-07,50.47,lost
C0014,2024-03-05,459.12,champions
C0074,2023-08-22,191.75,loyal
C0129,2023-12-14,159.72,loyal
C0061,2023-12-20,105.69,loyal
C0041,2023-09-21,166.66,champions
C0027,2024-01-17,415.46,champions
C0017,2023-10-08,174.06,champions
C0153,2023-09-03,46.12,at_risk
C0107,2024-01-23,91.35,loyal
C0110,2024-02-20,92.85,loyal
C0031,2023-08-18,310.77,champions
C0352,2024-03-20,39.25,new
C0116,2023-11-01,166.68,loyal
C0107,2023-12-05,116.51,loyal
C0117,2024-01-11,158.29,loyal
C0043,2023-09-29,125.98,champions
C0017,2024-01-11,220.91,champions
C0118,2024-02-20,199.98,loyal
C0229,2023-09-05,135.95,at_risk
C0324,2024-03-26,76.26,new
C0078,2023-10-01,247.24,loyal
C0057,2023-11-18,186.81,champions
C0003,2024-01-31,259.76,champions
C0159,2023-12-17,56.26,at_risk
C0096,2024-02-17,148.04,loyal
C0200,2024-01-06,126.0,at_risk
C0111,2024-02-29,235.74,loyal
C0159,2023-10-29,57.81,at_risk
C0101,2023-06-22,249.93,loyal
C0084,2023-06-21,76.01,loyal
C0255,2023-08-28,44.15,lost
C0142,2023-03-11,135.44,at_risk
C0067,2023-11-30,94.19,loyal
C0134,2023-10-10,244.39,loyal
C0039,2024-02-28,279.44,champions
C0199,2023-09-06,96.64,at_risk
C0143,2023-11-10,119.63,at_risk
C0177,2023-10-22,97.09,at_risk
C0117,2023-09-24,109.29,loyal
C0017,2024-02-25,222.48,champions
C0174,2023-07-25,121.9,at_risk
C0039,2024-02-24,410.47,champions
C0389,2024-03-28,21.57,new
C0044,2023-09-11,457.97,champions
C0039,2024-02-25,319.52,champions
C0011,2023-09-29,289.27,champions
C0170,2023-11-30,140.68,at_risk
C0018,2024-01-06,218.94,champions
C0083,2023-10-24,227.39,loyal
C0289,2023-08-12,21.47,lost
C0044,2023-11-21,355.92,champions
C0103,2024-02-15,123.03,loyal
C0005,2023-10-28,176.16,champions
C0063,2024-01-22,132.2,loyal
C0359,2024-03-27,25.38,new
C0027,2024-03-06,113.09,champions
C0201,2023-11-30,60.12,at_risk
C0130,2023-12-16,164.59,loyal
C0021,2023-10-21,315.43,champions
C0076,2024-01-10,102.72,loyal
C0116,2024-02-16,61.4,loyal
C0028,2024-03-03,390.9,champions
C0269,2023-04-06,43.93,lost
C0173,2023-11-03,81.47,at_risk
C0059,2023-09-27,388.88,champions
C0073,2023-12-01,97.44,loyal
C0225,2023-10-26,59.85,at_risk
C0001,2023-12-19,341.49,champions
C0030,2024-01-19,161.89,champions
C0068,2024-01-21,145.32,loyal
C0123,2024-01-11,128.26,loyal
C0028,2024-03-12,106.31,champions
C0137,2023-07-16,119.4,loyal
C0103,2023-12-04,199.15,loyal
C0005,2024-02-03,363.59,champions
C0023,2024-01-31,312.47,champions
C0060,2024-02-21,373.77,champions
C0031,2023-09-06,276.82,champions
C0119,2024-02-10,239.92,loyal
C0180,2023-09-23,103.68,at_risk
C0028,2024-03-04,124.33,champions
C0078,2024-02-25,173.4,loyal
C0067,2024-02-21,215.13,loyal
C0292,2023-03-30,58.15,lost
C0041,2024-01-04,397.32,champions
C0036,2024-01-23,161.98,champions
C0380,2024-01-19,88.15,new
C0399,2024-03-16,110.61,new
C0116,2024-01-30,230.14,loyal
C0024,2023-11-22,258.32,champions
C0066,2023-05-10,180.25,loyal
C0347,2024-03-29,58.76,new
C0022,2023-10-07,487.98,champions
C0370,2023-11-29,43.86,new
C0031,2023-11-27,338.49,champions
C0029,2024-02-02,137.29,champions
C0380,2024-03-11,64.72,new
C0036,2024-03-07,425.27,champions
C0057,2024-03-20,184.72,champions
C0031,2024-01-27,224.65,champions
C0032,2024-02-26,258.83,champions
C0122,2024-01-18,102.99,loyal
C0057,2023-11-29,389.72,champions
C0081,2023-04-30,117.35,loyal
C0028,2023-10-11,374.44,champions
C0010,2024-03-18,211.44,champions
C0058,2024-02-05,465.73,champions
C0090,2023-10-20,179.23,loyal
C0132,2023-11-30,164.06,loyal
C0045,2023-12-10,129.19,champions
C0051,2023-12-04,102.73,champions
C0033,2023-07-31,161.15,champions
C0062,2023-11-24,165.08,loyal
C0173,2023-07-03,124.75,at_risk
C0400,2024-03-19,48.92,new
C0330,2024-03-20,31.38,new
C0117,2024-01-26,184.53,loyal
C0226,2023-11-10,114.16,at_risk
C0179,2023-05-13,40.58,at_risk
C0071,2024-01-04,150.47,loyal
C0375,2023-11-28,37.62,new
C0204,2023-07-10,80.62,at_risk
C0188,2023-04-25,124.64,at_risk
C0149,2023-10-27,132.27,at_risk
C0046,2024-02-07,119.46,champions
C0005,2024-03-04,335.32,champions
C0013,2024-02-22,155.35,champions
C0038,2024-01-28,486.51,champions
C0059,2024-03-25,167.71,champions
C0005,2024-02-11,459.85,champions
C0117,2023-11-23,116.77,loyal
C0108,2023-11-20,219.04,loyal
C0079,2023-10-08,134.61,loyal
C0129,2024-03-09,143.73,loyal
C0025,2024-02-01,486.95,champions
C0171,2023-05-08,90.4,at_risk
C0107,2023-09-24,60.72,loyal
C0059,2024-03-25,264.96,champions
C0005,2024-03-06,128.4,champions
C0150,2023-08-04,88.46,at_risk
C0041,2024-03-05,214.44,champions
C0029,2024-01-23,139.67,champions
C0136,2023-12-27,246.87,loyal
C0028,2023-10-06,438.92,champions
C0021,2023-10-12,499.56,champions
C0054,2024-03-05,278.58,champions
C0032,2024-03-05,405.66,champions
C0020,2023-11-15,266.2,champions
C0016,2024-03-06,273.41,champions
C0058,2024-01-19,225.17,champions
C0034,2023-09-05,263.51,champions
C0099,2024-03-15,97.57,loyal
C0016,2023-08-26,251.6,champions
C0017,2023-12-09,190.99,champions
C0123,2024-02-02,125.12,loyal
C0038,2024-02-20,493.78,champions
C0013,2023-10-24,401.39,champions
C0088,2023-12-10,198.69,loyal
C0120,2023-08-22,87.21,loyal
C0059,2024-03-22,309.58,champions
C0162,2023-09-30,91.96,at_risk
C0161,2023-12-07,75.2,at_risk
C0127,2023-11-23,226.91,loyal
C0023,2023-12-30,299.07,champions
C0156,2023-09-29,73.9,at_risk
C0138,2024-01-07,246.86,loyal
C0133,2024-02-22,203.86,loyal
C0199,2023-12-05,98.57,at_risk
C0078,2024-01-13,242.93,loyal
C0091,2024-03-03,229.91,loyal
C0013,2024-01-29,382.57,champions
C0011,2023-12-20,286.0,champions
C0304,2023-06-04,52.85,lost
C0109,2023-06-01,66.6,loyal
C0138,2024-01-14,89.2,loyal
C0053,2024-02-22,281.37,champions
C0081,2023-09-17,98.44,loyal
C0068,2023-08-15,151.05,loyal
C0045,2023-12-31,112.11,champions
C0042,2024-03-08,157.11,champions
C0130,2023-12-09,105.77,loyal
C0021,2023-09-14,193.42,champions
C0228,2023-08-01,134.12,at_risk
C0047,2023-12-19,431.32,champions
C0074,2023-09-19,132.9,loyal
C0026,2023-07-17,478.39,champions
C0041,2024-02-02,209.29,champions
C0014,2024-01-14,419.26,champions
C0034,2024-02-17,346.0,champions
C0087,2024-01-20,112.72,loyal
C0187,2023-11-24,60.02,at_risk
C0008,2024-01-12,354.85,champions
C0366,2023-11-16,31.29,new
C0087,2023-12-15,140.48,loyal
C0095,2024-03-08,215.79,loyal
C0313,2023-08-23,54.0,lost
C0395,2024-03-28,93.02,new
C0086,2023-08-20,139.96,loyal
C0145,2023-12-27,141.37,at_risk
C0011,2023-11-02,370.25,champions
C0215,2023-12-09,51.89,at_risk
C0016,2023-12-27,241.93,champions
C0041,2023-11-27,141.04,champions
C0172,2023-05-21,80.48,at_risk
C0053,2024-02-11,473.83,champions
C0110,2023-09-07,135.5,loyal
C0059,2024-01-10,142.81,champions
C0007,2024-03-11,370.09,champions
C0160,2023-12-08,34.79,at_risk
C0074,2024-03-05,194.14,loyal
C0095,2024-01-05,85.86,loyal
C0014,2023-11-01,189.69,champions
C0001,2024-03-20,187.46,champions
C0373,2024-01-12,37.31,new
C0089,2024-01-14,91.72,loyal
C0037,2024-03-14,434.05,champions
C0254,2023-03-13,15.96,lost
C0026,2023-10-02,334.94,champions
C0125,2024-02-13,82.37,loyal
C0211,2023-09-03,92.82,at_risk
C0005,2023-09-26,330.48,champions
C0123,2024-01-27,172.04,loyal
C0031,2023-10-17,119.9,champions
C0061,2023-10-08,70.2,loyal
C0131,2024-01-19,144.94,loyal
C0003,2023-12-02,488.76,champions
C0272,2023-06-30,11.29,lost
C0229,2023-10-09,94.99,at_risk
C0059,2023-09-13,490.99,champions
C0209,2023-03-27,72.82,at_risk
C0025,2024-01-02,485.16,champions
C0043,2023-06-15,328.91,champions
C0104,2023-12-10,198.48,loyal
C0003,2024-02-25,498.93,champions
C0188,2023-11-03,87.84,at_risk
C0017,2024-03-08,137.22,champions
C0047,2023-07-15,413.16,champions
C0136,2023-10-24,80.23,loyal
C0121,2024-02-24,247.46,loyal
C0213,2023-09-16,79.41,at_risk
C0130,2023-11-19,74.98,loyal
C0100,2023-10-20,132.77,loyal
C0160,2023-06-30,68.89,at_risk
C0110,2024-02-17,76.54,loyal
C0007,2024-03-04,267.69,champions
C0139,2024-01-18,164.53,loyal
C0127,2023-10-03,94.75,loyal
C0008,2024-02-17,136.92,champions
C0009,2024-02-05,470.31,champions
C0108,2024-02-27,149.98,loyal
C0001,2023-11-20,131.52,champions
C0251,2023-05-26,57.15,lost
C0044,2024-02-06,200.24,champions
C0113,2023-12-26,208.3,loyal
C0071,2023-04-18,81.87,loyal
C0049,2024-01-03,458.3,champions
C0049,2024-02-09,182.91,champions
C0111,2024-01-16,224.82,loyal
C0003,2024-03-16,372.11,champions
C0055,2023-09-01,479.41,champions
C0124,2023-09-11,185.72,loyal
C0128,2023-05-13,227.19,loyal
C0043,2023-07-30,383.83,champions
C0259,2023-05-27,40.83,lost
C0152,2023-12-20,109.13,at_risk
C0106,2023-11-26,102.86,loyal
C0017,2023-12-29,389.83,champions
C0045,2024-02-17,216.08,champions
C0181,2024-01-13,124.08,at_risk
C0033,2024-03-04,130.55,champions
C0030,2023-09-25,247.02,champions
C0059,2024-03-24,312.88,champions
C0044,2023-12-29,286.33,champions
C0078,2024-03-13,126.65,loyal
C0033,2024-01-08,141.12,champions
C0108,2023-12-28,149.48,loyal
C0123,2023-12-08,63.63,loyal
C0126,2024-02-24,190.76,loyal
C0021,2023-12-16,206.87,champions
C0026,2024-02-27,359.7,champions
C0056,2024-02-07,250.58,champions
C0012,2023-09-09,367.03,champions
C0199,2023-11-10,116.5,at_risk
C0007,2024-02-26,132.04,champions
C0024,2024-03-13,464.25,champions
C0074,2023-12-21,165.43,loyal
C0040,2024-01-05,424.6,champions
C0053,2024-02-10,316.47,champions
C0083,2023-04-20,183.5,loyal
C0039,2024-03-08,403.54,champions
C0122,2023-05-14,159.58,loyal
C0026,2024-03-10,463.76,champions
C0091,2024-02-11,200.75,loyal
C0096,2023-11-05,88.18,loyal
C0034,2023-09-04,309.63,champions
C0121,2024-02-09,161.42,loyal
C0043,2023-12-14,440.54,champions
C0027,2024-02-29,152.72,champions
C0114,2023-12-17,155.97,loyal
C0365,2023-10-01,53.03,new
C0132,2023-10-20,193.4,loyal
C0128,2024-02-28,191.08,loyal
C0015,2024-02-25,485.89,champions
C0240,2023-11-09,147.95,at_risk
C0091,2023-10-19,111.54,loyal
C0039,2023-09-07,201.46,champions
C0106,2023-12-02,109.61,loyal
C0047,2024-03-05,307.73,champions
C0019,2024-01-05,468.48,champions
C0045,2024-01-30,225.03,champions
C0215,2023-11-22,79.55,at_risk
C0021,2024-02-15,398.52,champions
C0045,2023-09-05,199.31,champions
C0071,2024-02-23,125.18,loyal
C0039,2023-10-21,127.07,champions
C0108,2024-01-10,130.49,loyal
C0071,2024-02-08,159.01,loyal
C0209,2023-11-24,83.18,at_risk
C0117,2023-08-19,136.78,loyal
C0046,2023-08-11,372.16,champions
C0014,2024-02-09,412.49,champions
C0364,2024-03-15,114.74,new
C0145,2024-01-08,64.78,at_risk
C0377,2024-03-05,29.05,new
C0006,2024-02-08,251.59,champions
C0030,2023-06-28,471.63,champions
C0034,2024-02-25,279.89,champions
C0167,2023-04-30,128.56,at_risk
C0011,2024-02-13,378.88,champions
C0020,2024-03-02,146.37,champions
C0009,2024-02-10,372.83,champions
C0121,2024-01-29,204.63,loyal
C0074,2024-02-04,157.06,loyal
C0050,2024-02-18,140.22,champions
C0353,2023-09-24,31.77,new
C0042,2024-01-05,163.99,champions
C0057,2023-12-21,221.28,champions
C0086,2023-07-13,189.76,loyal
C0011,2024-02-02,271.96,champions
C0009,2024-03-08,459.57,champions
C0031,2024-02-13,488.72,champions
C0034,2023-12-04,342.0,champions
C0137,2024-03-10,177.06,loyal
C0356,2024-01-10,77.41,new
C0028,2024-01-02,126.27,champions
C0021,2023-11-13,232.98,champions
C0038,2023-12-25,155.04,champions
C0011,2024-01-21,370.93,champions
C0308,2023-08-20,18.23,lost
C0041,2023-09-03,240.62,champions
C0125,2023-11-21,97.74,loyal
C0323,2024-01-11,72.54,new
C0139,2023-03-24,125.74,loyal
C0170,2023-11-01,75.39,at_risk
C0085,2023-12-03,156.81,loyal
C0018,2023-05-17,443.84,champions
C0348,2024-03-30,113.23,new
C0022,2023-08-12,258.99,champions
C0038,2023-11-10,472.19,champions
C0046,2024-02-06,257.56,champions
C0187,2023-07-03,88.04,at_risk
C0001,2024-03-14,391.89,champions
C0108,2023-09-22,163.38,loyal
C0079,2023-06-22,210.97,loyal
C0060,2023-07-14,455.02,champions
C0017,2023-12-01,118.21,champions
C0137,2023-11-27,98.59,loyal
C0035,2024-01-26,200.8,champions
C0225,2023-07-25,40.97,at_risk
C0286,2023-03-12,26.16,lost
C0034,2024-01-21,284.7,champions
C0047,2023-11-11,219.92,champions
C0106,2023-12-06,74.0,loyal
C0119,2023-05-05,73.53,loyal
C0253,2023-04-15,20.36,lost
C0053,2024-01-04,406.33,champions
C0027,2024-01-01,425.22,champions
C0041,2023-10-27,206.69,champions
C0391,2024-03-11,82.32,new
C0129,2023-07-15,177.47,loyal
C0107,2023-08-12,164.44,loyal
C0057,2023-12-30,115.82,champions
C0222,2023-08-03,92.51,at_risk
C0017,2024-03-03,329.63,champions
C0035,2024-03-05,358.92,champions
C0001,2023-05-18,433.64,champions
C0001,2023-11-20,494.09,champions
C0016,2023-11-23,172.74,champions
C0133,2023-11-27,146.9,loyal
C0003,2023-09-24,101.3,champions
C0030,2023-06-29,322.7,champions
C0092,2024-02-13,231.37,loyal
C0019,2024-03-06,136.53,champions
C0025,2023-10-12,491.98,champions
C0008,2024-02-16,101.42,champions
C0211,2023-09-23,135.28,at_risk
C0048,2024-03-19,382.31,champions
C0115,2023-12-16,222.85,loyal
C0032,2024-02-20,231.25,champions
C0182,2023-11-14,110.88,at_risk
C0089,2024-03-06,241.07,loyal
C0032,2023-11-12,168.75,champions
C0107,2023-11-06,197.19,loyal
C0027,2024-02-21,479.6,champions
C0054,2023-12-23,369.4,champions
C0239,2023-07-13,129.14,at_risk
C0240,2023-07-11,30.02,at_risk
C0074,2023-06-20,236.83,loyal
C0034,2024-02-03,127.31,champions
C0222,2023-12-21,105.5,at_risk
C0009,2023-10-19,420.89,champions
C0042,2023-07-25,307.1,champions
C0069,2024-02-05,80.78,loyal
C0026,2023-12-17,146.45,champions
C0176,2023-12-16,48.57,at_risk
C0205,2023-03-22,62.1,at_risk
C0023,2024-03-17,229.75,champions
C0070,2023-11-26,134.32,loyal
C0103,2024-01-22,98.28,loyal
C0075,2023-10-01,184.08,loyal
C0110,2023-11-10,222.76,loyal
C0041,2024-03-29,180.64,champions
C0258,2023-04-21,79.14,lost
C0044,2024-01-27,407.11,champions
C0224,2023-12-27,44.36,at_risk
C0137,2024-03-14,214.66,loyal
C0022,2024-03-14,465.37,champions
C0294,2022-12-07,51.57,lost
C0013,2023-11-27,317.04,champions
C0219,2023-11-16,36.72,at_risk
C0033,2024-01-04,240.44,champions
C0239,2023-10-12,131.38,at_risk
C0122,2023-12-22,119.3,loyal
C0346,2024-03-14,119.27,new
C0062,2023-09-26,76.28,loyal
C0010,2023-08-29,176.03,champions
C0033,2023-05-29,297.65,champions
C0385,2024-03-30,63.17,new
C0024,2023-11-01,230.69,champions
C0048,2024-03-16,265.18,champions
C0009,2023-12-11,206.72,champions
C0128,2024-02-08,211.98,loyal
C0004,2023-10-30,426.41,champions
C0134,2024-03-08,133.61,loyal
C0027,2023-12-19,136.67,champions
C0256,2023-05-29,27.24,lost
C0014,2024-01-06,289.42,champions
C0046,2024-01-28,314.68,champions
C0209,2023-12-23,59.69,at_risk
C0028,2024-02-05,228.84,champions
C0166,2023-11-30,36.71,at_risk
C0123,2024-01-16,91.33,loyal
C0153,2024-01-03,118.78,at_risk
C0042,2023-11-15,248.81,champions
C0022,2023-10-30,481.66,champions
C0104,2023-12-15,191.78,loyal
C0009,2024-03-09,223.3,champions
C0075,2023-08-28,194.93,loyal
C0011,2024-02-17,427.37,champions
C0076,2023-11-09,167.47,loyal
C0007,2023-10-19,213.99,champions
C0003,2024-01-31,448.21,champions
C0119,2023-11-27,130.62,loyal
C0164,2024-01-04,52.43,at_risk
C0137,2023-08-11,70.22,loyal
C0063,2024-01-31,75.59,loyal
C0365,2024-03-19,38.34,new
C0013,2024-01-12,253.21,champions
C0097,2023-08-16,202.13,loyal
C0134,2024-01-25,175.17,loyal
C0047,2024-01-27,337.49,champions
C0221,2023-07-28,76.69,at_risk
C0005,2023-10-31,269.43,champions
C0321,2024-03-12,72.89,new
C0007,2023-09-04,499.38,champions
C0027,2024-02-13,480.22,champions
C0038,2024-02-15,449.2,champions
C0115,2023-11-12,77.17,loyal
C0017,2023-12-04,281.5,champions
C0133,2024-02-27,236.06,loyal
C0084,2024-01-02,190.45,loyal
C0020,2023-09-18,293.88,champions
C0357,2024-03-28,81.33,new
C0060,2024-03-09,262.11,champions
C0038,2024-01-23,209.12,champions
C0095,2023-12-22,193.14,loyal
C0008,2024-01-09,181.44,champions
C0184,2023-11-26,118.43,at_risk
C0034,2023-10-03,160.34,champions
C0041,2024-03-25,454.32,champions
C0058,2024-01-15,231.95,champions
C0123,2023-12-10,83.4,loyal
C0016,2024-03-02,297.72,champions
C0076,2023-11-15,207.27,loyal
C0164,2023-12-05,109.33,at_risk
C0087,2023-11-26,195.4,loyal
C0018,2024-02-28,121.44,champions
C0011,2024-01-25,363.54,champions
C0102,2023-08-22,240.19,loyal
C0061,2024-02-08,215.97,loyal
C0074,2024-01-22,76.1,loyal
C0084,2024-02-17,234.78,loyal
C0165,2023-10-09,100.89,at_risk
C0197,2023-03-13,71.17,at_risk
C0023,2024-01-13,272.27,champions
C0131,2023-09-17,129.04,loyal
C0095,2023-12-22,120.43,loyal
C0001,2024-01-12,211.15,champions
C0045,2023-12-08,482.66,champions
C0170,2023-10-05,92.73,at_risk
C0014,2024-02-09,288.12,champions
C0103,2023-06-26,135.16,loyal
C0114,2023-10-04,235.38,loyal
C0130,2024-02-19,202.77,loyal
C0135,2024-03-08,138.42,loyal
C0145,2023-12-28,63.78,at_risk
C0001,2024-01-01,140.88,champions
C0204,2023-04-26,126.93,at_risk
C0336,2024-03-13,21.87,new
C0072,2023-04-28,227.79,loyal
C0029,2024-01-23,272.03,champions
C0053,2023-12-30,276.74,champions
C0098,2023-11-19,234.31,loyal
C0007,2023-05-22,311.58,champions
C0001,2024-02-29,134.78,champions
C0028,2023-09-08,129.4,champions
C0137,2024-01-21,200.5,loyal
C0004,2024-01-27,451.2,champions
C0324,2023-11-14,92.92,new
C0050,2024-03-14,190.27,champions
C0202,2023-12-02,41.56,at_risk
C0014,2023-09-03,120.83,champions
C0015,2024-03-05,167.12,champions
C0007,2023-12-13,152.35,champions
C0019,2023-10-02,264.66,champions
C0051,2023-11-24,306.11,champions
C0116,2023-10-20,158.92,loyal
C0020,2023-11-19,152.41,champions
C0241,2023-09-08,10.46,lost
C0044,2024-03-04,126.3,champions
C0112,2023-10-30,223.06,loyal
C0171,2023-09-15,41.56,at_risk
C0027,2023-07-24,101.13,champions
C0020,2024-02-02,359.08,champions
C0135,2024-01-17,99.85,loyal
C0034,2023-06-13,163.5,champions
C0100,2024-01-26,232.58,loyal
C0238,2023-06-02,70.5,at_risk
C0040,2024-02-15,351.3,champions
C0135,2023-11-12,180.19,loyal
C0014,2023-12-07,404.49,champions
C0116,2024-01-25,182.12,loyal
C0034,2023-05-27,275.1,champions
C0053,2024-03-03,310.2,champions
C0051,2023-12-22,369.76,champions
C0013,2024-03-11,270.7,champions
C0073,2023-08-27,220.65,loyal
C0097,2023-11-12,222.37,loyal
C0094,2024-02-01,170.35,loyal
C0013,2024-01-26,208.69,champions
C0055,2024-03-26,497.39,champions
C0015,2024-01-17,330.32,champions
C0031,2024-03-07,208.84,champions
C0051,2024-02-24,202.91,champions
C0070,2024-02-29,109.16,loyal
C0110,2023-05-16,171.64,loyal
C0054,2024-02-27,197.89,champions
C0121,2024-01-27,169.49,loyal
C0289,2023-09-16,44.4,lost
C0015,2023-07-26,413.05,champions
C0126,2023-08-16,74.26,loyal
C0059,2023-10-20,465.1,champions
C0050,2024-03-04,360.92,champions
C0036,2023-09-17,176.8,champions
C0021,2024-01-14,235.95,champions
C0036,2023-11-04,437.77,champions
C0196,2024-01-22,110.89,at_risk
C0308,2023-10-20,31.56,lost
C0091,2024-01-30,168.59,loyal
C0024,2024-03-10,331.83,champions
C0233,2023-11-08,93.1,at_risk
C0017,2024-01-17,395.44,champions
C0023,2024-02-15,449.03,champions
C0023,2023-11-08,372.72,champions
C0287,2023-08-03,58.17,lost
C0228,2023-10-14,95.23,at_risk
C0043,2023-10-27,303.5,champions
C0223,2024-01-06,136.5,at_risk
C0012,2024-03-30,197.94,champions
C0018,2023-12-30,190.27,champions
C0251,2023-02-12,25.46,lost
C0005,2023-11-08,185.69,champions
C0007,2024-01-18,473.88,champions
C0038,2023-10-02,189.82,champions
C0050,2024-01-23,491.16,champions
C0057,2024-03-08,120.61,champions
C0044,2024-02-27,150.13,champions
C0081,2023-11-04,204.83,loyal
C0118,2024-01-24,194.53,loyal
C0020,2024-03-10,114.68,champions
C0155,2023-12-26,137.05,at_risk
C0019,2024-01-12,399.58,champions
C0106,2024-02-17,217.47,loyal
C0353,2024-03-13,97.28,new
C0014,2024-01-06,336.76,champions
C0002,2024-01-07,391.65,champions
C0002,2023-07-12,450.55,champions
C0177,2023-08-10,60.45,at_risk
C0065,2024-01-18,196.97,loyal
C0035,2024-01-14,371.35,champions
C0075,2023-09-29,190.09,loyal
C0149,2023-08-20,85.35,at_risk
C0039,2024-03-07,202.37,champions
C0216,2023-10-29,146.37,at_risk
C0047,2023-09-03,159.11,champions
C0124,2023-12-17,218.86,loyal
C0099,2024-02-23,77.48,loyal
C0212,2023-06-14,94.21,at_risk
C0320,2023-05-27,24.69,lost
C0050,2023-12-09,450.7,champions
C0019,2024-01-13,149.74,champions
C0053,2023-12-02,295.53,champions
C0053,2023-08-25,112.69,champions
C0074,2024-01-04,152.47,loyal
C0054,2024-02-23,147.45,champions
C0315,2023-06-19,21.29,lost
C0238,2023-08-31,94.07,at_risk
C0112,2023-12-21,85.53,loyal
C0082,2023-12-29,91.45,loyal
C0286,2023-05-29,52.39,lost
C0160,2023-03-18,146.21,at_risk
C0019,2024-03-03,128.56,champions
C0008,2023-11-10,164.63,champions
C0159,2023-12-05,110.23,at_risk
C0066,2023-12-31,151.01,loyal
C0094,2024-01-05,230.48,loyal
C0119,2024-01-16,127.5,loyal
C0058,2024-03-10,325.01,champions
C0003,2024-02-12,271.37,champions
C0113,2024-01-27,93.01,loyal
C0159,2023-05-19,138.93,at_risk
C0374,2024-03-12,31.43,new
C0052,2024-01-05,247.02,champions
C0129,2024-02-12,62.35,loyal
C0098,2023-09-29,238.14,loyal
C0093,2023-08-09,125.82,loyal
C0046,2023-12-15,246.37,champions
C0162,2023-11-26,75.16,at_risk
C0361,2024-03-11,51.24,new
C0060,2023-09-19,208.44,champions
C0129,2023-09-26,185.73,loyal
C0102,2024-01-22,127.41,loyal
C0125,2024-02-04,209.1,loyal
C0032,2023-08-16,267.08,champions
C0011,2024-01-15,150.92,champions
C0022,2024-01-01,139.88,champions
C0052,2023-05-23,430.24,champions
C0296,2023-09-01,47.65,lost
C0011,2023-10-13,342.66,champions
C0078,2023-06-27,214.88,loyal
C0207,2024-01-05,77.65,at_risk
C0042,2023-10-22,246.53,champions
C0032,2023-09-20,261.77,champions
C0286,2023-02-14,26.16,lost
C0116,2024-03-16,107.95,loyal
C0336,2023-10-18,88.55,new
C0047,2024-01-19,227.41,champions
C0095,2024-03-06,172.46,loyal
C0106,2023-12-25,228.71,loyal
C0136,2023-11-27,202.54,loyal
C0030,2024-02-20,482.65,champions
C0224,2023-12-13,99.73,at_risk
C0027,2023-09-18,415.99,champions
C0017,2024-01-25,498.65,champions
C0077,2023-06-20,175.95,loyal
C0007,2024-01-13,198.49,champions
C0157,2023-11-12,40.87,at_risk
C0035,2023-12-04,132.6,champions
C0132,2023-07-29,86.69,loyal
C0046,2023-10-09,401.99,champions
C0052,2024-03-07,286.16,champions
C0034,2023-11-16,253.79,champions
C0088,2023-03-16,86.07,loyal
C0118,2024-01-10,190.4,loyal
C0332,2024-03-24,103.38,new
C0029,2023-11-23,388.34,champions
C0220,2023-12-14,44.64,at_risk
C0034,2024-02-29,122.76,champions
C0231,2023-10-22,51.44,at_risk
C0021,2024-03-16,213.14,champions
C0003,2023-10-23,444.31,champions
C0050,2023-08-06,209.13,champions
C0054,2023-08-16,267.7,champions
C0056,2023-12-10,289.41,champions
C0244,2023-07-11,16.43,lost
C0025,2024-02-02,421.69,champions
C0050,2024-03-03,262.76,champions
C0055,2024-01-03,409.02,champions
C0016,2024-03-02,428.93,champions
C0139,2023-10-18,162.04,loyal
C0024,2024-03-24,326.37,champions
C0016,2023-08-31,295.43,champions
C0132,2024-02-07,230.41,loyal
C0057,2023-11-30,320.83,champions
C0006,2024-03-16,449.79,champions
C0258,2022-10-21,67.51,lost
C0059,2024-03-14,295.33,champions
C0325,2024-03-15,108.37,new
C0011,2024-03-23,387.9,champions
C0203,2023-09-21,107.98,at_risk
C0032,2024-01-22,197.33,champions
C0208,2023-11-22,33.16,at_risk
C0128,2023-10-14,176.16,loyal
C0268,2022-10-09,37.06,lost
C0013,2024-02-11,406.33,champions
C0052,2024-03-20,332.98,champions
C0195,2023-11-19,88.9,at_risk
C0061,2024-02-02,210.19,loyal
C0226,2023-09-12,68.01,at_risk
